"archiveRelativePath","bytes","sha256"
"payload/deprecated-drafts/card-ui-generated-initial-draft-v0.1.png","2530760","5cc8987ab2a65bef94adc2a20d5c1213434514fbf57c30bcfdea3d6bd0a1dbdd"
"payload/deprecated-drafts/forge-seated-sovereign-v0.4/draft-a-shield-ring-puppet.png","3115614","a89546fcda3ccad2d2f283ea6aa289804ff8a253a1fec2c604b738e6fd70a697"
"payload/generated-check-harnesses/codex-syntaxcheck/bin/Debug/net9.0/codex-syntaxcheck.deps.json","4088","b219a04a42d763e589fba00e5779d6ec7c80068e5559f427eaf78d5f8243700c"
"payload/generated-check-harnesses/codex-syntaxcheck/bin/Debug/net9.0/codex-syntaxcheck.dll","6144","1b9431c7894f96e640ba953df95b5160bf99cd8ad57a56313f0730c70255b5a3"
"payload/generated-check-harnesses/codex-syntaxcheck/bin/Debug/net9.0/codex-syntaxcheck.exe","156160","a4677084e4f59b4fa7590a14ee7636d222d77b7cebcc332d5fb52afac237c002"
"payload/generated-check-harnesses/codex-syntaxcheck/bin/Debug/net9.0/codex-syntaxcheck.pdb","12016","00a85184c88ca619e6a45d54b63cdcaac81f1eb8fa2f9fc3708b585807027da8"
"payload/generated-check-harnesses/codex-syntaxcheck/bin/Debug/net9.0/codex-syntaxcheck.runtimeconfig.json","268","a45057885f807f4a337fdea3ccdfa64e1675d22a6d6a6fc7c7394fd44ba9eebe"
"payload/generated-check-harnesses/codex-syntaxcheck/bin/Debug/net9.0/cs/Microsoft.CodeAnalysis.CSharp.resources.dll","441632","6e891a22f092a9c996e502c18ef31cf12c152fd10a760b415f0fa664326c132d"
"payload/generated-check-harnesses/codex-syntaxcheck/bin/Debug/net9.0/cs/Microsoft.CodeAnalysis.resources.dll","48392","0cc249c45097b07f3587d82541e61941863f46ab726873aa530ef815244876e1"
"payload/generated-check-harnesses/codex-syntaxcheck/bin/Debug/net9.0/de/Microsoft.CodeAnalysis.CSharp.resources.dll","471856","b0bd7a8cf0b43511009f62c859da7c6023715e0062f0bb0eb44bc91a9950512c"
"payload/generated-check-harnesses/codex-syntaxcheck/bin/Debug/net9.0/de/Microsoft.CodeAnalysis.resources.dll","50472","510b9d9c887653d8dc8483cfb5fe2ea148a12c2f30d1149fd1fd70fdbb500486"
"payload/generated-check-harnesses/codex-syntaxcheck/bin/Debug/net9.0/es/Microsoft.CodeAnalysis.CSharp.resources.dll","461584","96a10610559c5994d079e0f586fb126501ec37377c07c18f79284917505c7afe"
"payload/generated-check-harnesses/codex-syntaxcheck/bin/Debug/net9.0/es/Microsoft.CodeAnalysis.resources.dll","49928","bbb82ab79e1e55740b0ddca341488ff8d02a90ddf4b2294c1a2b476171a07101"
"payload/generated-check-harnesses/codex-syntaxcheck/bin/Debug/net9.0/fr/Microsoft.CodeAnalysis.CSharp.resources.dll","473896","b9758f560b7621b2976eaac6374d15cd472102bb5b7b09983a9d9a4f2c1e3a85"
"payload/generated-check-harnesses/codex-syntaxcheck/bin/Debug/net9.0/fr/Microsoft.CodeAnalysis.resources.dll","50440","4791bf870e125c9099e08a0ebce3f9304252e07f15b660692086ffebd4012228"
"payload/generated-check-harnesses/codex-syntaxcheck/bin/Debug/net9.0/it/Microsoft.CodeAnalysis.CSharp.resources.dll","468232","9bdfe16fda5bcc65549aafcacb6515814fe008bc2877b907af47025c5741b599"
"payload/generated-check-harnesses/codex-syntaxcheck/bin/Debug/net9.0/it/Microsoft.CodeAnalysis.resources.dll","50456","b711bf0d281b8d76e205aefe6f9d8ff9fea05acd928498303393f2ef7af6d032"
"payload/generated-check-harnesses/codex-syntaxcheck/bin/Debug/net9.0/ja/Microsoft.CodeAnalysis.CSharp.resources.dll","515368","b94e03631387c17bab76cb18da013559ffdb75ac430836a5be37efd2e4c2e2a4"
"payload/generated-check-harnesses/codex-syntaxcheck/bin/Debug/net9.0/ja/Microsoft.CodeAnalysis.resources.dll","54024","8f93c659a85de56279904d0a92ad302737c3ea160f3a0fd5ac9795e35dc25fd0"
"payload/generated-check-harnesses/codex-syntaxcheck/bin/Debug/net9.0/ko/Microsoft.CodeAnalysis.CSharp.resources.dll","473352","5766376807a0276cbe470cda92204c12f5254a12fe9cd305d0ba13582f27ce55"
"payload/generated-check-harnesses/codex-syntaxcheck/bin/Debug/net9.0/ko/Microsoft.CodeAnalysis.resources.dll","50440","8e3f83f7ec9347f76185967c5d2aafc122a53a60ad19281cbbaf5c89dc614edd"
"payload/generated-check-harnesses/codex-syntaxcheck/bin/Debug/net9.0/Microsoft.CodeAnalysis.CSharp.dll","18356488","ee5abcc38a0c346af19ef19125cd06243601efec721d865c24201bf097fa22a9"
"payload/generated-check-harnesses/codex-syntaxcheck/bin/Debug/net9.0/Microsoft.CodeAnalysis.dll","8145168","0a151d760ba4b58d0df6ad3ae159f78d37d766e8d74a239be470e2fff1322e97"
"payload/generated-check-harnesses/codex-syntaxcheck/bin/Debug/net9.0/pl/Microsoft.CodeAnalysis.CSharp.resources.dll","474400","816dd9e62651e49282f8a53fd8eccd7cf11ab540d38b9d7f73eacf09867fcf2a"
"payload/generated-check-harnesses/codex-syntaxcheck/bin/Debug/net9.0/pl/Microsoft.CodeAnalysis.resources.dll","50440","afe6a31fb0a15e73e1076bfebb7a114f0be524327a6fcba5e42cd7ce944c645b"
"payload/generated-check-harnesses/codex-syntaxcheck/bin/Debug/net9.0/pt-BR/Microsoft.CodeAnalysis.CSharp.resources.dll","453912","24904de51e3c74f29e5b3d4826122d2b5aa92d6cfc0ff61aea00fa4a51ce352a"
"payload/generated-check-harnesses/codex-syntaxcheck/bin/Debug/net9.0/pt-BR/Microsoft.CodeAnalysis.resources.dll","49440","4da44df395f6db666acf5131731d0cfc71206c40e5426d14c27cf6671d55ecd1"
"payload/generated-check-harnesses/codex-syntaxcheck/bin/Debug/net9.0/ru/Microsoft.CodeAnalysis.CSharp.resources.dll","621320","0efcdb0218e0b118dd48bf7fa05ef1caa22057d6f71a27c695a779287130d99c"
"payload/generated-check-harnesses/codex-syntaxcheck/bin/Debug/net9.0/ru/Microsoft.CodeAnalysis.resources.dll","60688","a3ced288a8283fb85bfba4be8da53b3b848c3225848c55e5dee870b4a7594453"
"payload/generated-check-harnesses/codex-syntaxcheck/bin/Debug/net9.0/tr/Microsoft.CodeAnalysis.CSharp.resources.dll","449800","c5ea688cc262da5bd66b940f495a6014304da01957bb57504f180af3f1e4d1f2"
"payload/generated-check-harnesses/codex-syntaxcheck/bin/Debug/net9.0/tr/Microsoft.CodeAnalysis.resources.dll","48912","6d546820090a41b18e7eecfb22e4aeabd9c69fe921ab461076038a17d3c6c4b4"
"payload/generated-check-harnesses/codex-syntaxcheck/bin/Debug/net9.0/zh-Hans/Microsoft.CodeAnalysis.CSharp.resources.dll","401168","6a5bdbd3c12798e44becd7f6e4c06241ce99fabd5f146fc5fd97ea39a4d6474c"
"payload/generated-check-harnesses/codex-syntaxcheck/bin/Debug/net9.0/zh-Hans/Microsoft.CodeAnalysis.resources.dll","45328","f8d07d05e27eb102d47919513bdcd183b580b0625c6a16f9b2e862c6a4fc2322"
"payload/generated-check-harnesses/codex-syntaxcheck/bin/Debug/net9.0/zh-Hant/Microsoft.CodeAnalysis.CSharp.resources.dll","400672","0bfff2770e39cc5c147a9db512734fe0f03be08c11e94b04c6bc57b75f973c38"
"payload/generated-check-harnesses/codex-syntaxcheck/bin/Debug/net9.0/zh-Hant/Microsoft.CodeAnalysis.resources.dll","45336","4d0a589920401a6cdbbe996ffa1f1d5ec7feea1bd69eb549c643429ddeb359df"
"payload/generated-check-harnesses/codex-syntaxcheck/obj/Debug/net9.0/.NETCoreApp,Version=v9.0.AssemblyAttributes.cs","198","9e76499c4e5cb623ad4889eaa99b1a53d9c970efcf902d8b096e78a19ee4285d"
"payload/generated-check-harnesses/codex-syntaxcheck/obj/Debug/net9.0/apphost.exe","156160","a4677084e4f59b4fa7590a14ee7636d222d77b7cebcc332d5fb52afac237c002"
"payload/generated-check-harnesses/codex-syntaxcheck/obj/Debug/net9.0/codex-sy.C4F7E116.Up2Date","0","e3b0c44298fc1c149afbf4c8996fb92427ae41e4649b934ca495991b7852b855"
"payload/generated-check-harnesses/codex-syntaxcheck/obj/Debug/net9.0/codex-syntaxcheck.AssemblyInfo.cs","1018","af2205b5b239b49b23b3639e66c1d6e86d1157696cc18856c836f26272307c85"
"payload/generated-check-harnesses/codex-syntaxcheck/obj/Debug/net9.0/codex-syntaxcheck.AssemblyInfoInputs.cache","66","1c19b45d029c07999e7a8caa877a21656bedb87cf616cbc7243f0eb198b4eb74"
"payload/generated-check-harnesses/codex-syntaxcheck/obj/Debug/net9.0/codex-syntaxcheck.assets.cache","290","6704981b6518de38b7f91cccbaf233dff3b4feb6a8e0abb46be4e1c81f2543ba"
"payload/generated-check-harnesses/codex-syntaxcheck/obj/Debug/net9.0/codex-syntaxcheck.csproj.AssemblyReference.cache","4940","1f406290d0c7982729e5f87e98d427dcb8a136da686c19b95261c28320037b69"
"payload/generated-check-harnesses/codex-syntaxcheck/obj/Debug/net9.0/codex-syntaxcheck.csproj.CoreCompileInputs.cache","66","6130d83a26d1046ed36f2232b696e8652ff8bedc5ec9d8f370bc9c4ab17ccb5f"
"payload/generated-check-harnesses/codex-syntaxcheck/obj/Debug/net9.0/codex-syntaxcheck.csproj.FileListAbsolute.txt","1569","87416c52555e8b990746d2c3e35996ade66327134eea94606d59e5c0ffbf3cce"
"payload/generated-check-harnesses/codex-syntaxcheck/obj/Debug/net9.0/codex-syntaxcheck.dll","6144","1b9431c7894f96e640ba953df95b5160bf99cd8ad57a56313f0730c70255b5a3"
"payload/generated-check-harnesses/codex-syntaxcheck/obj/Debug/net9.0/codex-syntaxcheck.GeneratedMSBuildEditorConfig.editorconfig","675","484a82d17dd8cde32b7b1684bde2f89039c331006464aa1e0e5b1cfaadc354c2"
"payload/generated-check-harnesses/codex-syntaxcheck/obj/Debug/net9.0/codex-syntaxcheck.genruntimeconfig.cache","66","772af0f1c4890f9a6985aa56d409df38059788298015deeebe861d6a18857970"
"payload/generated-check-harnesses/codex-syntaxcheck/obj/Debug/net9.0/codex-syntaxcheck.GlobalUsings.g.cs","295","f3f134e9e825e3e7268090f58b1af2bda2de513f61a09c56f48b9b8d08612abc"
"payload/generated-check-harnesses/codex-syntaxcheck/obj/Debug/net9.0/codex-syntaxcheck.pdb","12016","00a85184c88ca619e6a45d54b63cdcaac81f1eb8fa2f9fc3708b585807027da8"
"payload/generated-check-harnesses/codex-syntaxcheck/obj/Debug/net9.0/codex-syntaxcheck.sourcelink.json","142","0f97696c8ed7b9832396fd302fecd91e5503a4ba07c9b85659296bcf739550f9"
"payload/generated-check-harnesses/codex-syntaxcheck/obj/Debug/net9.0/ref/codex-syntaxcheck.dll","5632","04d39009a61fdc5dcb020e9efa2719dddf5591e5ad6c77fb5364284fb5b494c9"
"payload/generated-check-harnesses/codex-syntaxcheck/obj/Debug/net9.0/refint/codex-syntaxcheck.dll","5632","04d39009a61fdc5dcb020e9efa2719dddf5591e5ad6c77fb5364284fb5b494c9"
"payload/generated-check-harnesses/CompileCheck/bin/net8.0/CompileCheck.deps.json","844","d45486f9af43520d9a00593641e05f78ff8504ad37deb372131004cfee079eb6"
"payload/generated-check-harnesses/CompileCheck/bin/net8.0/CompileCheck.dll","442368","8ee252b7156c701b5fb0bcfdf0b6bcc60224e84f85e790a99d26959f7af94354"
"payload/generated-check-harnesses/CompileCheck/bin/net8.0/CompileCheck.exe","151552","d94bafaf52a1118e5c8dda9397930bd2daed1bb58b3c46ea6e7a65bf10309179"
"payload/generated-check-harnesses/CompileCheck/bin/net8.0/CompileCheck.pdb","141136","f81f13d2ef19b34b75e708ad60e4fc8f68d4539466e870c4f07d7b3fa06d8fe0"
"payload/generated-check-harnesses/CompileCheck/bin/net8.0/CompileCheck.runtimeconfig.json","268","162d81f468bec570ec15e527433f4de5d5729ffe338ab79b22671f38760d34bd"
"payload/generated-check-harnesses/CompileCheck/bin/net8.0/Newtonsoft.Json.dll","1775200","6e5572523f4840765a5d74256ebda498620e736d581d1e26da68a5c9dc5ddd1c"
"payload/generated-check-harnesses/CompileCheck/obj/CompileCheck.csproj.nuget.dgspec.json","2452","d5f18f66c65b8095da700dff29ab8488b30ecfe6429e5aa5d5552c17de579e71"
"payload/generated-check-harnesses/CompileCheck/obj/CompileCheck.csproj.nuget.g.props","1450","0a8e09aa03c7a6fa9c4429e5768b439b99105649a267ff25cec99194577b474b"
"payload/generated-check-harnesses/CompileCheck/obj/CompileCheck.csproj.nuget.g.targets","150","971cc9b535384849b5c661d776cd7a80833a416265e32e8968e06c367368b8b5"
"payload/generated-check-harnesses/CompileCheck/obj/Debug/net8.0/.NETCoreApp,Version=v8.0.AssemblyAttributes.cs","198","f7a5d9789c863625e139ff99e1113a503830f6b85a88f6129916df83ac76b49e"
"payload/generated-check-harnesses/CompileCheck/obj/Debug/net8.0/apphost.exe","151552","d94bafaf52a1118e5c8dda9397930bd2daed1bb58b3c46ea6e7a65bf10309179"
"payload/generated-check-harnesses/CompileCheck/obj/Debug/net8.0/CompileC.0771B227.Up2Date","0","e3b0c44298fc1c149afbf4c8996fb92427ae41e4649b934ca495991b7852b855"
"payload/generated-check-harnesses/CompileCheck/obj/Debug/net8.0/CompileCheck.AssemblyInfo.cs","962","37da94eb3773578a18a497b126fdffda4bad94497541d63784b02b522f7340ff"
"payload/generated-check-harnesses/CompileCheck/obj/Debug/net8.0/CompileCheck.AssemblyInfoInputs.cache","66","af37b25e2a3a314645fa078277b2eaa07169b268e8668e8427a291c7f7ccf0e1"
"payload/generated-check-harnesses/CompileCheck/obj/Debug/net8.0/CompileCheck.assets.cache","290","c8b95ee2e6a6e5941ec6307b207f1297046b8eeb57819558bc09926f97f959ad"
"payload/generated-check-harnesses/CompileCheck/obj/Debug/net8.0/CompileCheck.csproj.AssemblyReference.cache","2864","a148a17169538831edcb00e559b8b8fa92a84cc557832498b8d20089f32a51e6"
"payload/generated-check-harnesses/CompileCheck/obj/Debug/net8.0/CompileCheck.csproj.CoreCompileInputs.cache","66","09ecc983f539dd4b5eb0f82934dcf7926426965e4d8baabbbfd6b765cb8026df"
"payload/generated-check-harnesses/CompileCheck/obj/Debug/net8.0/CompileCheck.csproj.FileListAbsolute.txt","1291","bdff939867ff74322dd31c08fa2875001a98b483e5d630b0991e06e23ca774d3"
"payload/generated-check-harnesses/CompileCheck/obj/Debug/net8.0/CompileCheck.dll","442368","8ee252b7156c701b5fb0bcfdf0b6bcc60224e84f85e790a99d26959f7af94354"
"payload/generated-check-harnesses/CompileCheck/obj/Debug/net8.0/CompileCheck.GeneratedMSBuildEditorConfig.editorconfig","671","e38f30fa6aa5e4b7699c0c6b6e92a38b3d502e2976efb9281d6df6e5cbc1b7f7"
"payload/generated-check-harnesses/CompileCheck/obj/Debug/net8.0/CompileCheck.genruntimeconfig.cache","66","eb8b741b7e16387d31812615bc695f438569a96ed63c07106ac8c6740252e7fd"
"payload/generated-check-harnesses/CompileCheck/obj/Debug/net8.0/CompileCheck.pdb","141136","f81f13d2ef19b34b75e708ad60e4fc8f68d4539466e870c4f07d7b3fa06d8fe0"
"payload/generated-check-harnesses/CompileCheck/obj/Debug/net8.0/ref/CompileCheck.dll","95232","513889c6ef077b8532d6351589318b9efac428d288304003cdbe2c08e0bd6b0e"
"payload/generated-check-harnesses/CompileCheck/obj/Debug/net8.0/refint/CompileCheck.dll","95232","513889c6ef077b8532d6351589318b9efac428d288304003cdbe2c08e0bd6b0e"
"payload/generated-check-harnesses/CompileCheck/obj/project.assets.json","2527","3b0983c7a3f87c6c69625a72d345e1a8a9ac7287d0b83e6efa60aa28339ef414"
"payload/generated-check-harnesses/CompileCheck/obj/project.nuget.cache","195","33ce4e286be2040c1c49730600e45a25e8951ae1f25f28b21bf4d8e10e8119a2"
"payload/generated-check-harnesses/compilecheck-out/compilecheck.deps.json","844","d6b1ac6800fc780c73d784a927932afb95a9e44da7b63f36b222b579c4a2a49b"
"payload/generated-check-harnesses/compilecheck-out/compilecheck.dll","82944","6e0ae44076cdb2ef18eff8fefa81c955e8d354eeab836a441e7878edc7da5f60"
"payload/generated-check-harnesses/compilecheck-out/compilecheck.pdb","39068","8f6000cce5bb99d4d7942af664efbc0849d38f34ecbce844bd8adffc36ce8502"
"payload/generated-check-harnesses/compilecheck-out/Newtonsoft.Json.dll","1849424","0bdfef7552f0ef39aa08158fee4920bba9694fcc0bbd181a50d5d4a0c01cf4f8"
"payload/generated-check-harnesses/FlourishCheck/bin/Release/net8.0/FlourishCheck.deps.json","847","de4bbe77f3fc2e24f5947913e0baaf6d0d25548301a5a2447fa561fa96a9d7ed"
"payload/generated-check-harnesses/FlourishCheck/bin/Release/net8.0/FlourishCheck.dll","73728","0601476167e679bdf1f30d29fa1ac8c6daa6097c50e60e6fbfafd40a3949093e"
"payload/generated-check-harnesses/FlourishCheck/bin/Release/net8.0/FlourishCheck.exe","151552","3bd9bec6b79e09ca455c2ee21396ffb2e17f28ad0c50f3ad41a71d7c78d736bf"
"payload/generated-check-harnesses/FlourishCheck/bin/Release/net8.0/FlourishCheck.pdb","32420","01532a37daf126ed27992856a5bf6e35008a52bed8de2e32b5086ffcdffc804b"
"payload/generated-check-harnesses/FlourishCheck/bin/Release/net8.0/FlourishCheck.runtimeconfig.json","340","28329cf08f6505e73806b17558b187c02f0c1c516fe47ebfb7a013d082aaa306"
"payload/generated-check-harnesses/FlourishCheck/bin/Release/net8.0/Newtonsoft.Json.dll","1775200","6e5572523f4840765a5d74256ebda498620e736d581d1e26da68a5c9dc5ddd1c"
"payload/generated-check-harnesses/FlourishCheck/FlourishCheck.csproj","859","2009de409573b33c687bb807b14c35a5f12717d1d306db61e25f4249c907d11f"
"payload/generated-check-harnesses/FlourishCheck/obj/FlourishCheck.csproj.nuget.dgspec.json","2506","ff551622e4f6de3554293ebe544db924c13b2e069d8f92e1f24147ffb1ed52f2"
"payload/generated-check-harnesses/FlourishCheck/obj/FlourishCheck.csproj.nuget.g.props","1450","0a8e09aa03c7a6fa9c4429e5768b439b99105649a267ff25cec99194577b474b"
"payload/generated-check-harnesses/FlourishCheck/obj/FlourishCheck.csproj.nuget.g.targets","150","971cc9b535384849b5c661d776cd7a80833a416265e32e8968e06c367368b8b5"
"payload/generated-check-harnesses/FlourishCheck/obj/project.assets.json","2555","670ddecd44300607def1fd9eb9d641405aed8fffb4fcaeeec30b8b08197aa93b"
"payload/generated-check-harnesses/FlourishCheck/obj/project.nuget.cache","208","ccfe5cd4ace9471da3bb88d23a26db20cd3a8cbc4aa2b164f755458b91d05a57"
"payload/generated-check-harnesses/FlourishCheck/obj/Release/net8.0/.NETCoreApp,Version=v8.0.AssemblyAttributes.cs","198","f7a5d9789c863625e139ff99e1113a503830f6b85a88f6129916df83ac76b49e"
"payload/generated-check-harnesses/FlourishCheck/obj/Release/net8.0/apphost.exe","151552","3bd9bec6b79e09ca455c2ee21396ffb2e17f28ad0c50f3ad41a71d7c78d736bf"
"payload/generated-check-harnesses/FlourishCheck/obj/Release/net8.0/Flourish.01E5D958.Up2Date","0","e3b0c44298fc1c149afbf4c8996fb92427ae41e4649b934ca495991b7852b855"
"payload/generated-check-harnesses/FlourishCheck/obj/Release/net8.0/FlourishCheck.AssemblyInfo.cs","1008","22799b9b41bb1474fced43f02a1dd3113341df15d28b000be22824b9340b461e"
"payload/generated-check-harnesses/FlourishCheck/obj/Release/net8.0/FlourishCheck.AssemblyInfoInputs.cache","66","97017f7b00abbf794dda39e2065b168fdd12914b63d595b22b6aa24c8d7fe0ab"
"payload/generated-check-harnesses/FlourishCheck/obj/Release/net8.0/FlourishCheck.assets.cache","290","6c099c5440c12f98182b0d099e6e503faf1afcb71666cc34025931c3dd441614"
"payload/generated-check-harnesses/FlourishCheck/obj/Release/net8.0/FlourishCheck.csproj.AssemblyReference.cache","2875","c58e48ef18f9656719e99a3414f3fdcb76b991afdef6a2161e1b29b4158aa5d6"
"payload/generated-check-harnesses/FlourishCheck/obj/Release/net8.0/FlourishCheck.csproj.CoreCompileInputs.cache","66","6c6c2a52d72499cce33a19d9cfc35ef72b2fae830e03feb3200bfba4679439de"
"payload/generated-check-harnesses/FlourishCheck/obj/Release/net8.0/FlourishCheck.csproj.FileListAbsolute.txt","1548","292a21e391910e6233da9d512bd980a5ce87d12fdcb13e8f041b10656552f148"
"payload/generated-check-harnesses/FlourishCheck/obj/Release/net8.0/FlourishCheck.dll","73728","0601476167e679bdf1f30d29fa1ac8c6daa6097c50e60e6fbfafd40a3949093e"
"payload/generated-check-harnesses/FlourishCheck/obj/Release/net8.0/FlourishCheck.GeneratedMSBuildEditorConfig.editorconfig","681","094c327bad9114cd6af370154f6e89fdbdef812bf979f81e1176d7f840baf66c"
"payload/generated-check-harnesses/FlourishCheck/obj/Release/net8.0/FlourishCheck.genruntimeconfig.cache","66","3312c12b12c93257f3c1583d3d26431509b8e4e199620cafce09f97680ed7b59"
"payload/generated-check-harnesses/FlourishCheck/obj/Release/net8.0/FlourishCheck.GlobalUsings.g.cs","295","f3f134e9e825e3e7268090f58b1af2bda2de513f61a09c56f48b9b8d08612abc"
"payload/generated-check-harnesses/FlourishCheck/obj/Release/net8.0/FlourishCheck.pdb","32420","01532a37daf126ed27992856a5bf6e35008a52bed8de2e32b5086ffcdffc804b"
"payload/generated-check-harnesses/FlourishCheck/obj/Release/net8.0/FlourishCheck.sourcelink.json","142","2abf614d2baffbfd1bf68eae63528db0f864cc2ded911161d468c9fa54c2557b"
"payload/generated-check-harnesses/FlourishCheck/obj/Release/net8.0/ref/FlourishCheck.dll","24576","8fd9824b561fd9897ae0ec99b4b55e629dd7fd14bccb0bf6cee25af5de359c7e"
"payload/generated-check-harnesses/FlourishCheck/obj/Release/net8.0/refint/FlourishCheck.dll","24576","8fd9824b561fd9897ae0ec99b4b55e629dd7fd14bccb0bf6cee25af5de359c7e"
"payload/generated-check-harnesses/FlourishCheck/Program.cs","3307","bf1154e60de959ece1d04c7a30744b35fbf4c472b249af44e29e5e0fba902903"
"payload/generated-check-harnesses/FullCompile/bin/Debug/net8.0/FullCompile.deps.json","841","9b90257775e5a6a2831507e30055a7a39b6dd00ad9714a51163e2025a1cad635"
"payload/generated-check-harnesses/FullCompile/bin/Debug/net8.0/FullCompile.dll","516608","e4e3560b3cb63c4660b84f012aa75869839d43b47da2576f1b4e74e7735c71ed"
"payload/generated-check-harnesses/FullCompile/bin/Debug/net8.0/FullCompile.exe","151552","cda2d4610ad8a292b192cf69afc43d469dbc6e7e46181485b356e18c1fb42d65"
"payload/generated-check-harnesses/FullCompile/bin/Debug/net8.0/FullCompile.pdb","168528","1f637455f96bab1de109a9c82f63693e14e4d9fae6903134882ffdd4811f88b5"
"payload/generated-check-harnesses/FullCompile/bin/Debug/net8.0/FullCompile.runtimeconfig.json","268","162d81f468bec570ec15e527433f4de5d5729ffe338ab79b22671f38760d34bd"
"payload/generated-check-harnesses/FullCompile/bin/Debug/net8.0/Newtonsoft.Json.dll","1775200","6e5572523f4840765a5d74256ebda498620e736d581d1e26da68a5c9dc5ddd1c"
"payload/generated-check-harnesses/FullCompile/bin/Release/net8.0/FullCompile.deps.json","841","9b90257775e5a6a2831507e30055a7a39b6dd00ad9714a51163e2025a1cad635"
"payload/generated-check-harnesses/FullCompile/bin/Release/net8.0/FullCompile.dll","405504","b0f13081f52861843cd9991e833d5b389143bf227c660cd7847b5b6e8219d5ab"
"payload/generated-check-harnesses/FullCompile/bin/Release/net8.0/FullCompile.exe","151552","1303b65da054593c1a924ffd7f83b7238b9fab9fdef537f9a775e1853f6fb69a"
"payload/generated-check-harnesses/FullCompile/bin/Release/net8.0/FullCompile.pdb","113160","a72b51ee020c3c73d619cafaa91f5638a836b6b15cb1d71e65f04fb4643212b4"
"payload/generated-check-harnesses/FullCompile/bin/Release/net8.0/FullCompile.runtimeconfig.json","340","28329cf08f6505e73806b17558b187c02f0c1c516fe47ebfb7a013d082aaa306"
"payload/generated-check-harnesses/FullCompile/bin/Release/net8.0/Newtonsoft.Json.dll","1775200","6e5572523f4840765a5d74256ebda498620e736d581d1e26da68a5c9dc5ddd1c"
"payload/generated-check-harnesses/FullCompile/FullCompile.csproj","1380","7788427580aeb716cc9bbf624dbb01c9b8f3e2dfe66528890ed3487401f9acd2"
"payload/generated-check-harnesses/FullCompile/obj/Debug/net8.0/.NETCoreApp,Version=v8.0.AssemblyAttributes.cs","198","f7a5d9789c863625e139ff99e1113a503830f6b85a88f6129916df83ac76b49e"
"payload/generated-check-harnesses/FullCompile/obj/Debug/net8.0/apphost.exe","151552","cda2d4610ad8a292b192cf69afc43d469dbc6e7e46181485b356e18c1fb42d65"
"payload/generated-check-harnesses/FullCompile/obj/Debug/net8.0/FullComp.8ABF04AF.Up2Date","0","e3b0c44298fc1c149afbf4c8996fb92427ae41e4649b934ca495991b7852b855"
"payload/generated-check-harnesses/FullCompile/obj/Debug/net8.0/FullCompile.AssemblyInfo.cs","1000","2215e3082d044867056eda1da64b0b833f74779458351022f9f0d6a5b3a2dfce"
"payload/generated-check-harnesses/FullCompile/obj/Debug/net8.0/FullCompile.AssemblyInfoInputs.cache","66","52edc1e0dacb94e6d5bacbf386192bda7e30464aa589e21861b0d82550953553"
"payload/generated-check-harnesses/FullCompile/obj/Debug/net8.0/FullCompile.assets.cache","290","218d4258550f463caf9dc754f7d7a4026f502ed650997ba05adffef9aaf047d2"
"payload/generated-check-harnesses/FullCompile/obj/Debug/net8.0/FullCompile.csproj.AssemblyReference.cache","2875","c58e48ef18f9656719e99a3414f3fdcb76b991afdef6a2161e1b29b4158aa5d6"
"payload/generated-check-harnesses/FullCompile/obj/Debug/net8.0/FullCompile.csproj.CoreCompileInputs.cache","66","b2dd7b4f84054b93e1d27957374c9153fc87dd4e3920a41ca4888a2ce4c84017"
"payload/generated-check-harnesses/FullCompile/obj/Debug/net8.0/FullCompile.csproj.FileListAbsolute.txt","1444","bc2aee98641be8a811f9d1e7710e3066bc2e97a24e0210922737e50af777793e"
"payload/generated-check-harnesses/FullCompile/obj/Debug/net8.0/FullCompile.dll","516608","e4e3560b3cb63c4660b84f012aa75869839d43b47da2576f1b4e74e7735c71ed"
"payload/generated-check-harnesses/FullCompile/obj/Debug/net8.0/FullCompile.GeneratedMSBuildEditorConfig.editorconfig","677","60e40b205878a72fe2362a41e6e9b698afbaaa0d0346eb2d1b66d14e58eb0130"
"payload/generated-check-harnesses/FullCompile/obj/Debug/net8.0/FullCompile.genruntimeconfig.cache","66","6b5924e5c00024beab6abee21e058aa3dcd24983a4b7ab918bc737a677289f6e"
"payload/generated-check-harnesses/FullCompile/obj/Debug/net8.0/FullCompile.pdb","168528","1f637455f96bab1de109a9c82f63693e14e4d9fae6903134882ffdd4811f88b5"
"payload/generated-check-harnesses/FullCompile/obj/Debug/net8.0/FullCompile.sourcelink.json","142","326bf2d1cd72dcb89b84cbb9732bcd186b4a46bc86471e019a327861214f51b9"
"payload/generated-check-harnesses/FullCompile/obj/Debug/net8.0/ref/FullCompile.dll","114176","4b17c288f02b45b3a4d414cde89efa5d38a7c6950e056c2c3b7ec50b58cdf3db"
"payload/generated-check-harnesses/FullCompile/obj/Debug/net8.0/refint/FullCompile.dll","114176","4b17c288f02b45b3a4d414cde89efa5d38a7c6950e056c2c3b7ec50b58cdf3db"
"payload/generated-check-harnesses/FullCompile/obj/FullCompile.csproj.nuget.dgspec.json","2486","132e9e341441335a66e25d558a64b94d1d1f660cefc02b8fcc4c39dab60855c0"
"payload/generated-check-harnesses/FullCompile/obj/FullCompile.csproj.nuget.g.props","1450","0a8e09aa03c7a6fa9c4429e5768b439b99105649a267ff25cec99194577b474b"
"payload/generated-check-harnesses/FullCompile/obj/FullCompile.csproj.nuget.g.targets","150","971cc9b535384849b5c661d776cd7a80833a416265e32e8968e06c367368b8b5"
"payload/generated-check-harnesses/FullCompile/obj/project.assets.json","2543","9f0f565487b132cf5c7e461b11187a9b7b0f66034308071bdeb61f8f0c1b3100"
"payload/generated-check-harnesses/FullCompile/obj/project.nuget.cache","204","ee21a4fe5a303e74ee91fd111c8bdb767b6504ab9ddbcef037fa4005055b78ab"
"payload/generated-check-harnesses/FullCompile/obj/Release/net8.0/.NETCoreApp,Version=v8.0.AssemblyAttributes.cs","198","f7a5d9789c863625e139ff99e1113a503830f6b85a88f6129916df83ac76b49e"
"payload/generated-check-harnesses/FullCompile/obj/Release/net8.0/apphost.exe","151552","1303b65da054593c1a924ffd7f83b7238b9fab9fdef537f9a775e1853f6fb69a"
"payload/generated-check-harnesses/FullCompile/obj/Release/net8.0/FullComp.8ABF04AF.Up2Date","0","e3b0c44298fc1c149afbf4c8996fb92427ae41e4649b934ca495991b7852b855"
"payload/generated-check-harnesses/FullCompile/obj/Release/net8.0/FullCompile.AssemblyInfo.cs","1002","400ec5a3017c4fc4a7931c72397c069277dc6e229fa10eb888471532b8b03dfe"
"payload/generated-check-harnesses/FullCompile/obj/Release/net8.0/FullCompile.AssemblyInfoInputs.cache","66","f2b2b5e3ea76feccf02efd21caecb119f3502c95c7f0db26446d4876152b10de"
"payload/generated-check-harnesses/FullCompile/obj/Release/net8.0/FullCompile.assets.cache","290","abe9ad72a531c34107cc445b2812ba988945c6174f08205e7a5b931063c19d71"
"payload/generated-check-harnesses/FullCompile/obj/Release/net8.0/FullCompile.csproj.AssemblyReference.cache","2875","c58e48ef18f9656719e99a3414f3fdcb76b991afdef6a2161e1b29b4158aa5d6"
"payload/generated-check-harnesses/FullCompile/obj/Release/net8.0/FullCompile.csproj.CoreCompileInputs.cache","66","2e1ac7e8baa1ec0e65afea9f0c3b6e5f73643be9fbac1610269ea1a76f1af56e"
"payload/generated-check-harnesses/FullCompile/obj/Release/net8.0/FullCompile.csproj.FileListAbsolute.txt","1480","34e4abe125894d658b3abc8b52b37a325c3f3ed0c22085869cd17d3bc1c71001"
"payload/generated-check-harnesses/FullCompile/obj/Release/net8.0/FullCompile.dll","405504","b0f13081f52861843cd9991e833d5b389143bf227c660cd7847b5b6e8219d5ab"
"payload/generated-check-harnesses/FullCompile/obj/Release/net8.0/FullCompile.GeneratedMSBuildEditorConfig.editorconfig","677","60e40b205878a72fe2362a41e6e9b698afbaaa0d0346eb2d1b66d14e58eb0130"
"payload/generated-check-harnesses/FullCompile/obj/Release/net8.0/FullCompile.genruntimeconfig.cache","66","2c4af1c4a464c01e2a487b6cd854d25167791c6d73bee712111e839f026c2e43"
"payload/generated-check-harnesses/FullCompile/obj/Release/net8.0/FullCompile.pdb","113160","a72b51ee020c3c73d619cafaa91f5638a836b6b15cb1d71e65f04fb4643212b4"
"payload/generated-check-harnesses/FullCompile/obj/Release/net8.0/FullCompile.sourcelink.json","142","bdb236d94e0068a916aa00274dfb0b3622270e6b75eb937e6fd7609359958f7d"
"payload/generated-check-harnesses/FullCompile/obj/Release/net8.0/ref/FullCompile.dll","97792","84837e0f6978d427eb38a1b5caa322d308918f65be2281c58393f4593cd0819b"
"payload/generated-check-harnesses/FullCompile/obj/Release/net8.0/refint/FullCompile.dll","97792","84837e0f6978d427eb38a1b5caa322d308918f65be2281c58393f4593cd0819b"
"payload/generated-check-harnesses/FullCompile/Program.cs","6043","fcc36985524bd7a9f714d4e706a3e4844f3f8d11f607533c86d15e4f00adde24"
"payload/generated-check-harnesses/FullCompile/UnityEditorStubs.cs","380","0b720e18603869d8f3954e0c44e0abdc37e2e033d0ed8eb50e4fde6be5f8f07f"
"payload/generated-check-harnesses/FullCompile/UnityStubs.cs","1252","1d1f8dd521f7317f876c768c973938702d28bcf21b3a4b1469b387a6f7e05872"
"payload/generated-check-harnesses/GrowthSim/bin/Release/net8.0/GrowthSim.deps.json","835","2ba244d2f152af395316d2b6cb89a69e233c6c98dfb5c93afa0e2cd28a606695"
"payload/generated-check-harnesses/GrowthSim/bin/Release/net8.0/GrowthSim.dll","173568","8b659b07e6d7cfb0494e759def1752a09a7ec795e24fe95ff475c62ad889ee32"
"payload/generated-check-harnesses/GrowthSim/bin/Release/net8.0/GrowthSim.exe","151552","ab7f830a1586b71b7729d1690c50dff584c69cf3fe118f5c91d4ed8c87be5c57"
"payload/generated-check-harnesses/GrowthSim/bin/Release/net8.0/GrowthSim.pdb","70376","510d91a282168919266e08e9722d9da89dcda0200726e26b750a7f665849ebac"
"payload/generated-check-harnesses/GrowthSim/bin/Release/net8.0/GrowthSim.runtimeconfig.json","340","28329cf08f6505e73806b17558b187c02f0c1c516fe47ebfb7a013d082aaa306"
"payload/generated-check-harnesses/GrowthSim/bin/Release/net8.0/Newtonsoft.Json.dll","1775200","6e5572523f4840765a5d74256ebda498620e736d581d1e26da68a5c9dc5ddd1c"
"payload/generated-check-harnesses/GrowthSim/GrowthSim.csproj","1159","8d6be309ab489c3f9160630b140fe95787e7c49a9ec2fd9d1693f4c17bf418af"
"payload/generated-check-harnesses/GrowthSim/obj/GrowthSim.csproj.nuget.dgspec.json","2466","d48f37d0d98204a5f9986e028af417a9d109547e56465d32a1839391688c0260"
"payload/generated-check-harnesses/GrowthSim/obj/GrowthSim.csproj.nuget.g.props","1450","0a8e09aa03c7a6fa9c4429e5768b439b99105649a267ff25cec99194577b474b"
"payload/generated-check-harnesses/GrowthSim/obj/GrowthSim.csproj.nuget.g.targets","150","971cc9b535384849b5c661d776cd7a80833a416265e32e8968e06c367368b8b5"
"payload/generated-check-harnesses/GrowthSim/obj/project.assets.json","2531","19d2dc4b943d8014cf89c19b39041d2e2be53c2dcf441437da76963c772fcfc6"
"payload/generated-check-harnesses/GrowthSim/obj/project.nuget.cache","200","fa082f1e5c5ef99ec6231385f95a897b8377b981390f78f3059d14f047c4b593"
"payload/generated-check-harnesses/GrowthSim/obj/Release/net8.0/.NETCoreApp,Version=v8.0.AssemblyAttributes.cs","198","f7a5d9789c863625e139ff99e1113a503830f6b85a88f6129916df83ac76b49e"
"payload/generated-check-harnesses/GrowthSim/obj/Release/net8.0/apphost.exe","151552","ab7f830a1586b71b7729d1690c50dff584c69cf3fe118f5c91d4ed8c87be5c57"
"payload/generated-check-harnesses/GrowthSim/obj/Release/net8.0/GrowthSim.AssemblyInfo.cs","996","b1536f120cd6081c9129f99c3c957841132a4b3b2f01ddfd34a9cb5d096f158f"
"payload/generated-check-harnesses/GrowthSim/obj/Release/net8.0/GrowthSim.AssemblyInfoInputs.cache","66","bd8692587d64701ce27eb05d6305526595035718662e51b2dede8c379d6c9728"
"payload/generated-check-harnesses/GrowthSim/obj/Release/net8.0/GrowthSim.assets.cache","290","2a5f925a78f3f17d3f446bc01fb7d36497a32b45da2a182e41c5b1b2f3f5189e"
"payload/generated-check-harnesses/GrowthSim/obj/Release/net8.0/GrowthSim.csproj.AssemblyReference.cache","2875","c58e48ef18f9656719e99a3414f3fdcb76b991afdef6a2161e1b29b4158aa5d6"
"payload/generated-check-harnesses/GrowthSim/obj/Release/net8.0/GrowthSim.csproj.CoreCompileInputs.cache","66","0c9e5cdbe8100a1506f65a464e829238ea8ab49e7b8ce355c65a95e945bcd648"
"payload/generated-check-harnesses/GrowthSim/obj/Release/net8.0/GrowthSim.csproj.FileListAbsolute.txt","1411","a94ed48e1c0008d99f079b9c25c4c4ae15d11052f99994180d8effd0e5d512ae"
"payload/generated-check-harnesses/GrowthSim/obj/Release/net8.0/GrowthSim.csproj.Up2Date","0","e3b0c44298fc1c149afbf4c8996fb92427ae41e4649b934ca495991b7852b855"
"payload/generated-check-harnesses/GrowthSim/obj/Release/net8.0/GrowthSim.dll","173568","8b659b07e6d7cfb0494e759def1752a09a7ec795e24fe95ff475c62ad889ee32"
"payload/generated-check-harnesses/GrowthSim/obj/Release/net8.0/GrowthSim.GeneratedMSBuildEditorConfig.editorconfig","673","1d716d92e5594087e67a63eaf96bea3422744a99a8b6a96f28cb1f4d43f05c91"
"payload/generated-check-harnesses/GrowthSim/obj/Release/net8.0/GrowthSim.genruntimeconfig.cache","66","93a07b149f12328e44406d4501acb64dc1b9eea528183b9526d1c413101ae4ed"
"payload/generated-check-harnesses/GrowthSim/obj/Release/net8.0/GrowthSim.GlobalUsings.g.cs","295","f3f134e9e825e3e7268090f58b1af2bda2de513f61a09c56f48b9b8d08612abc"
"payload/generated-check-harnesses/GrowthSim/obj/Release/net8.0/GrowthSim.pdb","70376","510d91a282168919266e08e9722d9da89dcda0200726e26b750a7f665849ebac"
"payload/generated-check-harnesses/GrowthSim/obj/Release/net8.0/GrowthSim.sourcelink.json","142","2abf614d2baffbfd1bf68eae63528db0f864cc2ded911161d468c9fa54c2557b"
"payload/generated-check-harnesses/GrowthSim/obj/Release/net8.0/ref/GrowthSim.dll","57344","da69022365ed5b1ebe4c24071ec1accecba0f27876bfd1d7e97a11d7a806caf3"
"payload/generated-check-harnesses/GrowthSim/obj/Release/net8.0/refint/GrowthSim.dll","57344","da69022365ed5b1ebe4c24071ec1accecba0f27876bfd1d7e97a11d7a806caf3"
"payload/generated-check-harnesses/GrowthSim/output/five-turn-refresh-first-summary.csv","880","783571b8946f096f113b43b909abb1a1daa536475bc0f1c73b8c87b59ea08565"
"payload/generated-check-harnesses/GrowthSim/output/five-turn-refresh-first-summary.json","23203","3e36e631f000cfaf7cfdd970f76480f72bd0692e1081b7b936d28279528a98e1"
"payload/generated-check-harnesses/GrowthSim/output/five-turn-refresh-plus-three-spells-summary.csv","983","504639844ce9ab0d81696fe1c880aaca429b61a4d7aca624f3a5142aa1739a39"
"payload/generated-check-harnesses/GrowthSim/output/five-turn-refresh-plus-three-spells-summary.json","58577","aaa75a73fac9fca9790afee8296050860187cba4305b875160cfd62ae02c68b2"
"payload/generated-check-harnesses/GrowthSim/output/five-turn-three-spells-summary.csv","867","2ac51772bfee7e8d6830b8ca26e2c0404176139e9a445f23da41ed31dc48c339"
"payload/generated-check-harnesses/GrowthSim/output/five-turn-three-spells-summary.json","23151","3aefb8a9b79a5aa3417bc4f1cb0fde008e1def13a0c97c92cecb5db0763b657d"
"payload/generated-check-harnesses/GrowthSim/output/turn10-growth-summary.csv","846","34594ae45e1de65cbecdc34b30d4103a6fee0d8a4b0bf653e0168ce71f07722b"
"payload/generated-check-harnesses/GrowthSim/output/turn10-growth-summary.json","23089","2e01fb9de763b8bb4f9ccf4a940232a662824c4b5a5dfb505c5e02c133b06285"
"payload/generated-check-harnesses/GrowthSim/Program.cs","26004","cafac19f078362b4bf5ac33a624a0f9ceef3b7cdd1024e22b67ef7b1a7b33c97"
"payload/generated-check-harnesses/RelicCompile/bin/Debug/net8.0/FullCompile.deps.json","841","9b90257775e5a6a2831507e30055a7a39b6dd00ad9714a51163e2025a1cad635"
"payload/generated-check-harnesses/RelicCompile/bin/Debug/net8.0/FullCompile.dll","516608","e4e3560b3cb63c4660b84f012aa75869839d43b47da2576f1b4e74e7735c71ed"
"payload/generated-check-harnesses/RelicCompile/bin/Debug/net8.0/FullCompile.exe","151552","cda2d4610ad8a292b192cf69afc43d469dbc6e7e46181485b356e18c1fb42d65"
"payload/generated-check-harnesses/RelicCompile/bin/Debug/net8.0/FullCompile.pdb","168528","1f637455f96bab1de109a9c82f63693e14e4d9fae6903134882ffdd4811f88b5"
"payload/generated-check-harnesses/RelicCompile/bin/Debug/net8.0/FullCompile.runtimeconfig.json","268","162d81f468bec570ec15e527433f4de5d5729ffe338ab79b22671f38760d34bd"
"payload/generated-check-harnesses/RelicCompile/bin/Debug/net8.0/Newtonsoft.Json.dll","1775200","6e5572523f4840765a5d74256ebda498620e736d581d1e26da68a5c9dc5ddd1c"
"payload/generated-check-harnesses/RelicCompile/bin/Debug/net8.0/RelicCompile.deps.json","1147","8397587b564e211551f661c42baae20406c467b27eaeaf610f801e0e4224d41a"
"payload/generated-check-harnesses/RelicCompile/bin/Debug/net8.0/RelicCompile.dll","54272","2e9e6a479f3365518c61ceb50ae1703cc5886db1b50024f4b71eb0be7771ec86"
"payload/generated-check-harnesses/RelicCompile/bin/Debug/net8.0/RelicCompile.pdb","24288","5440e27bbba648d63ecf20117407637e587fa44c5f0b71c2d607b78b4dc81493"
"payload/generated-check-harnesses/RelicCompile/NUnitStubs.cs","1967","fcb781cf941c511bbaf30ba507e4bb94415c834396c93b13b524db15eddf76b4"
"payload/generated-check-harnesses/RelicCompile/obj/Debug/net8.0/.NETCoreApp,Version=v8.0.AssemblyAttributes.cs","198","f7a5d9789c863625e139ff99e1113a503830f6b85a88f6129916df83ac76b49e"
"payload/generated-check-harnesses/RelicCompile/obj/Debug/net8.0/ref/RelicCompile.dll","11264","214a11aa3fb2a74e54e06fc4a9bd3539bb4c24c8e256cf2fa60ea16a57020cc8"
"payload/generated-check-harnesses/RelicCompile/obj/Debug/net8.0/refint/RelicCompile.dll","11264","214a11aa3fb2a74e54e06fc4a9bd3539bb4c24c8e256cf2fa60ea16a57020cc8"
"payload/generated-check-harnesses/RelicCompile/obj/Debug/net8.0/RelicCom.698C27BE.Up2Date","0","e3b0c44298fc1c149afbf4c8996fb92427ae41e4649b934ca495991b7852b855"
"payload/generated-check-harnesses/RelicCompile/obj/Debug/net8.0/RelicCompile.AssemblyInfo.cs","1003","bc690970597b01b0367e734864b2f32e5de896a35e50264db3b9a17b1caa1b9a"
"payload/generated-check-harnesses/RelicCompile/obj/Debug/net8.0/RelicCompile.AssemblyInfoInputs.cache","66","eb22ffac5b28515a3cf7e243df3de5497dd495b7959de7ae7efc5fdefc639b1b"
"payload/generated-check-harnesses/RelicCompile/obj/Debug/net8.0/RelicCompile.assets.cache","290","0588ba6717573117cdb1e58df450443f182f55de59d4aeb5877aea21a22b5b85"
"payload/generated-check-harnesses/RelicCompile/obj/Debug/net8.0/RelicCompile.csproj.AssemblyReference.cache","3740","0382f65396dbd2a4490547574213849453450b13326908151186a1fbd1cabce0"
"payload/generated-check-harnesses/RelicCompile/obj/Debug/net8.0/RelicCompile.csproj.CoreCompileInputs.cache","66","f8c01bd8ac20518d0df34c4986389578830413f5b4d5fcbea92c3843596e2070"
"payload/generated-check-harnesses/RelicCompile/obj/Debug/net8.0/RelicCompile.csproj.FileListAbsolute.txt","1602","57521ba48c7c59e2fdfe11c1838d9ef6886a3718902bbb9c18ed5b36157cd15c"
"payload/generated-check-harnesses/RelicCompile/obj/Debug/net8.0/RelicCompile.dll","54272","2e9e6a479f3365518c61ceb50ae1703cc5886db1b50024f4b71eb0be7771ec86"
"payload/generated-check-harnesses/RelicCompile/obj/Debug/net8.0/RelicCompile.GeneratedMSBuildEditorConfig.editorconfig","679","9231d44a77862723e7de37b56450b9d184b5e15583d0472aada4f54821b0aaea"
"payload/generated-check-harnesses/RelicCompile/obj/Debug/net8.0/RelicCompile.pdb","24288","5440e27bbba648d63ecf20117407637e587fa44c5f0b71c2d607b78b4dc81493"
"payload/generated-check-harnesses/RelicCompile/obj/Debug/net8.0/RelicCompile.sourcelink.json","142","326bf2d1cd72dcb89b84cbb9732bcd186b4a46bc86471e019a327861214f51b9"
"payload/generated-check-harnesses/RelicCompile/obj/project.assets.json","3248","f0296fa493a4e0fde97fbe1d757bf7c1ddf6735291bdc14ae700ecbd61cdf561"
"payload/generated-check-harnesses/RelicCompile/obj/project.nuget.cache","206","78fd47498adde7a14ce8067ad4ccc90ff1e72037283320bd12133d8d564af149"
"payload/generated-check-harnesses/RelicCompile/obj/RelicCompile.csproj.nuget.dgspec.json","5053","db1878e8eaa25e1c3cba50ddaea9bc03f5845c6643d5b8286d82a86d52d60a81"
"payload/generated-check-harnesses/RelicCompile/obj/RelicCompile.csproj.nuget.g.props","1450","0a8e09aa03c7a6fa9c4429e5768b439b99105649a267ff25cec99194577b474b"
"payload/generated-check-harnesses/RelicCompile/obj/RelicCompile.csproj.nuget.g.targets","150","971cc9b535384849b5c661d776cd7a80833a416265e32e8968e06c367368b8b5"
"payload/generated-check-harnesses/RelicCompile/RelicCompile.csproj","806","f8412ae768d209227665df98139f8aaa287d7decebee1077d82e35fc405f9559"
"payload/generated-check-harnesses/RelicSmoke/bin/Debug/net8.0/FullCompile.deps.json","841","9b90257775e5a6a2831507e30055a7a39b6dd00ad9714a51163e2025a1cad635"
"payload/generated-check-harnesses/RelicSmoke/bin/Debug/net8.0/FullCompile.dll","516608","e4e3560b3cb63c4660b84f012aa75869839d43b47da2576f1b4e74e7735c71ed"
"payload/generated-check-harnesses/RelicSmoke/bin/Debug/net8.0/FullCompile.exe","151552","cda2d4610ad8a292b192cf69afc43d469dbc6e7e46181485b356e18c1fb42d65"
"payload/generated-check-harnesses/RelicSmoke/bin/Debug/net8.0/FullCompile.pdb","168528","1f637455f96bab1de109a9c82f63693e14e4d9fae6903134882ffdd4811f88b5"
"payload/generated-check-harnesses/RelicSmoke/bin/Debug/net8.0/FullCompile.runtimeconfig.json","268","162d81f468bec570ec15e527433f4de5d5729ffe338ab79b22671f38760d34bd"
"payload/generated-check-harnesses/RelicSmoke/bin/Debug/net8.0/Newtonsoft.Json.dll","1775200","6e5572523f4840765a5d74256ebda498620e736d581d1e26da68a5c9dc5ddd1c"
"payload/generated-check-harnesses/RelicSmoke/bin/Debug/net8.0/RelicSmoke.deps.json","1141","1abde4d312e4e5c6a8bc4ca3b772761867301d97f1bf6df37552dc76d6dad7d2"
"payload/generated-check-harnesses/RelicSmoke/bin/Debug/net8.0/RelicSmoke.dll","24064","62c1a4e1e1a15b539c825fef90830b3eadb1ba2389be1fab3cc2f6996867c00e"
"payload/generated-check-harnesses/RelicSmoke/bin/Debug/net8.0/RelicSmoke.exe","151552","aed3826760b7be3f07ac835a1b5fd7f9e6d1c51985445509deb4412a511ba355"
"payload/generated-check-harnesses/RelicSmoke/bin/Debug/net8.0/RelicSmoke.pdb","18280","dc451a7367000a4e44e4be9c20dcff75dceee31e2015d2951173f116e51c396e"
"payload/generated-check-harnesses/RelicSmoke/bin/Debug/net8.0/RelicSmoke.runtimeconfig.json","268","162d81f468bec570ec15e527433f4de5d5729ffe338ab79b22671f38760d34bd"
"payload/generated-check-harnesses/RelicSmoke/obj/Debug/net8.0/.NETCoreApp,Version=v8.0.AssemblyAttributes.cs","198","f7a5d9789c863625e139ff99e1113a503830f6b85a88f6129916df83ac76b49e"
"payload/generated-check-harnesses/RelicSmoke/obj/Debug/net8.0/apphost.exe","151552","aed3826760b7be3f07ac835a1b5fd7f9e6d1c51985445509deb4412a511ba355"
"payload/generated-check-harnesses/RelicSmoke/obj/Debug/net8.0/ref/RelicSmoke.dll","6144","6ea8e22f7d4ead7776699a46ab3027317a3b1a72e1ea61d42244c8c67620db1b"
"payload/generated-check-harnesses/RelicSmoke/obj/Debug/net8.0/refint/RelicSmoke.dll","6144","6ea8e22f7d4ead7776699a46ab3027317a3b1a72e1ea61d42244c8c67620db1b"
"payload/generated-check-harnesses/RelicSmoke/obj/Debug/net8.0/RelicSmoke.AssemblyInfo.cs","997","8f236dafd65cedab605e503a002920e980fca649406682645f5068dafdaa25c0"
"payload/generated-check-harnesses/RelicSmoke/obj/Debug/net8.0/RelicSmoke.AssemblyInfoInputs.cache","66","31e12e40cac758db277fce76f926fa82885b846bc0ef3b104ca16a41e35c48c4"
"payload/generated-check-harnesses/RelicSmoke/obj/Debug/net8.0/RelicSmoke.assets.cache","290","cd9b1f6c5e70e6868b02d2db7bdc354ebc0e2b204bd997f19b1b1787d8ad8792"
"payload/generated-check-harnesses/RelicSmoke/obj/Debug/net8.0/RelicSmoke.csproj.AssemblyReference.cache","3740","0382f65396dbd2a4490547574213849453450b13326908151186a1fbd1cabce0"
"payload/generated-check-harnesses/RelicSmoke/obj/Debug/net8.0/RelicSmoke.csproj.CoreCompileInputs.cache","66","de2e346cbcb7a09b55b27218ac05efef4f6da2e4b916660657dbc767a5977378"
"payload/generated-check-harnesses/RelicSmoke/obj/Debug/net8.0/RelicSmoke.csproj.FileListAbsolute.txt","1771","b1fcdcb2e61bda7810729413b5fbe3722a5490ca21fdf14741e90871a113a3ef"
"payload/generated-check-harnesses/RelicSmoke/obj/Debug/net8.0/RelicSmoke.csproj.Up2Date","0","e3b0c44298fc1c149afbf4c8996fb92427ae41e4649b934ca495991b7852b855"
"payload/generated-check-harnesses/RelicSmoke/obj/Debug/net8.0/RelicSmoke.dll","24064","62c1a4e1e1a15b539c825fef90830b3eadb1ba2389be1fab3cc2f6996867c00e"
"payload/generated-check-harnesses/RelicSmoke/obj/Debug/net8.0/RelicSmoke.GeneratedMSBuildEditorConfig.editorconfig","675","49a5f54782ff167238b06ea4406e825cf9dcf66a5bc92de79f0ec6dfffe9ae6f"
"payload/generated-check-harnesses/RelicSmoke/obj/Debug/net8.0/RelicSmoke.genruntimeconfig.cache","66","28324f825714a60d395df61fc48222e73fcfd23ce206349b8977d3cf49d016ab"
"payload/generated-check-harnesses/RelicSmoke/obj/Debug/net8.0/RelicSmoke.pdb","18280","dc451a7367000a4e44e4be9c20dcff75dceee31e2015d2951173f116e51c396e"
"payload/generated-check-harnesses/RelicSmoke/obj/Debug/net8.0/RelicSmoke.sourcelink.json","142","326bf2d1cd72dcb89b84cbb9732bcd186b4a46bc86471e019a327861214f51b9"
"payload/generated-check-harnesses/RelicSmoke/obj/project.assets.json","3236","3b71b3ef9efc527bd6805a04a538e98b2418ff28080067ebe2a9094c5e2aa5a4"
"payload/generated-check-harnesses/RelicSmoke/obj/project.nuget.cache","202","f37e36078389d13211c32ae575e604441ccab76a181dfe95e93605db524b86d7"
"payload/generated-check-harnesses/RelicSmoke/obj/RelicSmoke.csproj.nuget.dgspec.json","5033","58a7dd9c8e70bd38e08ef8f67427db39a78d71075ce3da58ec4c840ea00707e6"
"payload/generated-check-harnesses/RelicSmoke/obj/RelicSmoke.csproj.nuget.g.props","1450","0a8e09aa03c7a6fa9c4429e5768b439b99105649a267ff25cec99194577b474b"
"payload/generated-check-harnesses/RelicSmoke/obj/RelicSmoke.csproj.nuget.g.targets","150","971cc9b535384849b5c661d776cd7a80833a416265e32e8968e06c367368b8b5"
"payload/generated-check-harnesses/RelicSmoke/Program.cs","15703","c1fd9a685b53e0d68aabb779e8a84731861ff7660ed870b9481db9216aee34bf"
"payload/generated-check-harnesses/RelicSmoke/RelicSmoke.csproj","330","f33b3bb33d547fed9bd410f91aff84ad6b11873e04a3e4efcf09b731d8b9d228"
"payload/generated-check-harnesses/S0Sim/bin/Debug/net8.0/Newtonsoft.Json.dll","1775200","6e5572523f4840765a5d74256ebda498620e736d581d1e26da68a5c9dc5ddd1c"
"payload/generated-check-harnesses/S0Sim/bin/Debug/net8.0/S0Sim.deps.json","823","dd4da4b0f22415da3241d93c452b0f7cda73513623d8d99075210680f02a4197"
"payload/generated-check-harnesses/S0Sim/bin/Debug/net8.0/S0Sim.dll","146944","0aec9bbda1e6103381be5ec075f902625160c99730e9d1bfc73bdabddc18613e"
"payload/generated-check-harnesses/S0Sim/bin/Debug/net8.0/S0Sim.exe","151552","b185d0272b265638d95118ba48d8a191c434b52af99a661454ef6fa9449f9610"
"payload/generated-check-harnesses/S0Sim/bin/Debug/net8.0/S0Sim.pdb","56516","f44a8d4fa54dba3041e7accc88d1f25c1bc46c53ea431d88df0c3624e96c5409"
"payload/generated-check-harnesses/S0Sim/bin/Debug/net8.0/S0Sim.runtimeconfig.json","268","162d81f468bec570ec15e527433f4de5d5729ffe338ab79b22671f38760d34bd"
"payload/generated-check-harnesses/S0Sim/bin/Release/net8.0/Newtonsoft.Json.dll","1775200","6e5572523f4840765a5d74256ebda498620e736d581d1e26da68a5c9dc5ddd1c"
"payload/generated-check-harnesses/S0Sim/bin/Release/net8.0/S0Sim.deps.json","823","dd4da4b0f22415da3241d93c452b0f7cda73513623d8d99075210680f02a4197"
"payload/generated-check-harnesses/S0Sim/bin/Release/net8.0/S0Sim.dll","139776","eabeb2f7c32f425c1c18192474d580dfe76643a35d13c4cb2547241a224c751e"
"payload/generated-check-harnesses/S0Sim/bin/Release/net8.0/S0Sim.exe","151552","b185d0272b265638d95118ba48d8a191c434b52af99a661454ef6fa9449f9610"
"payload/generated-check-harnesses/S0Sim/bin/Release/net8.0/S0Sim.pdb","49516","a361ea9ca3c6ca3f984e1671ba2370625259c3b80119c86e4df3199dff3a4b1a"
"payload/generated-check-harnesses/S0Sim/bin/Release/net8.0/S0Sim.runtimeconfig.json","340","28329cf08f6505e73806b17558b187c02f0c1c516fe47ebfb7a013d082aaa306"
"payload/generated-check-harnesses/S0Sim/obj/Debug/net8.0/.NETCoreApp,Version=v8.0.AssemblyAttributes.cs","198","f7a5d9789c863625e139ff99e1113a503830f6b85a88f6129916df83ac76b49e"
"payload/generated-check-harnesses/S0Sim/obj/Debug/net8.0/apphost.exe","151552","b185d0272b265638d95118ba48d8a191c434b52af99a661454ef6fa9449f9610"
"payload/generated-check-harnesses/S0Sim/obj/Debug/net8.0/ref/S0Sim.dll","39936","a8290887f59fb29d6e0006ae1532e3b24de55e4230b7ec298f29152c5e8e81d1"
"payload/generated-check-harnesses/S0Sim/obj/Debug/net8.0/refint/S0Sim.dll","39936","a8290887f59fb29d6e0006ae1532e3b24de55e4230b7ec298f29152c5e8e81d1"
"payload/generated-check-harnesses/S0Sim/obj/Debug/net8.0/S0Sim.AssemblyInfo.cs","982","0b7e34112db0417cd413f0713d9ddb1aef596b8ce7954b9a4186102531a31462"
"payload/generated-check-harnesses/S0Sim/obj/Debug/net8.0/S0Sim.AssemblyInfoInputs.cache","66","699a492a66cb70ddddf91d5e89858abc719c9afeb11058f39644c188ab78ddac"
"payload/generated-check-harnesses/S0Sim/obj/Debug/net8.0/S0Sim.assets.cache","290","c42866d1497c1ad05062c431dc5be32eb203079e00e3e9cdc43816483b9f2873"
"payload/generated-check-harnesses/S0Sim/obj/Debug/net8.0/S0Sim.csproj.AssemblyReference.cache","2875","c58e48ef18f9656719e99a3414f3fdcb76b991afdef6a2161e1b29b4158aa5d6"
"payload/generated-check-harnesses/S0Sim/obj/Debug/net8.0/S0Sim.csproj.CoreCompileInputs.cache","66","cde8e3a1e15c17a4cb63eea3cc54e42c48db9d3282d8909bb0d8b9d5932fbba4"
"payload/generated-check-harnesses/S0Sim/obj/Debug/net8.0/S0Sim.csproj.FileListAbsolute.txt","1235","1847c2187afbc1118d0f7a05a84c6daf21bc1d33e151f5991b1e473d4e267fb3"
"payload/generated-check-harnesses/S0Sim/obj/Debug/net8.0/S0Sim.csproj.Up2Date","0","e3b0c44298fc1c149afbf4c8996fb92427ae41e4649b934ca495991b7852b855"
"payload/generated-check-harnesses/S0Sim/obj/Debug/net8.0/S0Sim.dll","146944","0aec9bbda1e6103381be5ec075f902625160c99730e9d1bfc73bdabddc18613e"
"payload/generated-check-harnesses/S0Sim/obj/Debug/net8.0/S0Sim.GeneratedMSBuildEditorConfig.editorconfig","665","4984dbe47579133179b394d6c1a6706ed815fdf64976f4dbae41cb5eed997869"
"payload/generated-check-harnesses/S0Sim/obj/Debug/net8.0/S0Sim.genruntimeconfig.cache","66","0877988c89ef900f73060fce072098e00f683641495afeb52396e1706826d639"
"payload/generated-check-harnesses/S0Sim/obj/Debug/net8.0/S0Sim.GlobalUsings.g.cs","295","f3f134e9e825e3e7268090f58b1af2bda2de513f61a09c56f48b9b8d08612abc"
"payload/generated-check-harnesses/S0Sim/obj/Debug/net8.0/S0Sim.pdb","56516","f44a8d4fa54dba3041e7accc88d1f25c1bc46c53ea431d88df0c3624e96c5409"
"payload/generated-check-harnesses/S0Sim/obj/Debug/net8.0/S0Sim.sourcelink.json","142","bdb236d94e0068a916aa00274dfb0b3622270e6b75eb937e6fd7609359958f7d"
"payload/generated-check-harnesses/S0Sim/obj/project.assets.json","2507","9e819522dfdce909dc86ae4e5b82d3fa52137681fedfa4ccccad8bff6c4fb2cc"
"payload/generated-check-harnesses/S0Sim/obj/project.nuget.cache","192","a643cc0e41289d199b010a9784567e896e243cc2ed01feddebce724ca50310c1"
"payload/generated-check-harnesses/S0Sim/obj/Release/net8.0/.NETCoreApp,Version=v8.0.AssemblyAttributes.cs","198","f7a5d9789c863625e139ff99e1113a503830f6b85a88f6129916df83ac76b49e"
"payload/generated-check-harnesses/S0Sim/obj/Release/net8.0/apphost.exe","151552","b185d0272b265638d95118ba48d8a191c434b52af99a661454ef6fa9449f9610"
"payload/generated-check-harnesses/S0Sim/obj/Release/net8.0/ref/S0Sim.dll","39936","f3bae3716639a3f59b7b318bf8ebb918bc19759f015c26e72a9a094a05510f2a"
"payload/generated-check-harnesses/S0Sim/obj/Release/net8.0/refint/S0Sim.dll","39936","f3bae3716639a3f59b7b318bf8ebb918bc19759f015c26e72a9a094a05510f2a"
"payload/generated-check-harnesses/S0Sim/obj/Release/net8.0/S0Sim.AssemblyInfo.cs","984","af2c4378eff14c89166849cb3311cc2256a3fef15d43dd6b128d3fff60840e7b"
"payload/generated-check-harnesses/S0Sim/obj/Release/net8.0/S0Sim.AssemblyInfoInputs.cache","66","b7cab4025555df7b8a1c085805a2f1146b6cfce47696045bd2e0e535244e1a01"
"payload/generated-check-harnesses/S0Sim/obj/Release/net8.0/S0Sim.assets.cache","290","1c99fd06eac64471a31981ab2fdc25ff597ec8f8d31e2cf1bec074bcde9e0ee0"
"payload/generated-check-harnesses/S0Sim/obj/Release/net8.0/S0Sim.csproj.AssemblyReference.cache","2875","c58e48ef18f9656719e99a3414f3fdcb76b991afdef6a2161e1b29b4158aa5d6"
"payload/generated-check-harnesses/S0Sim/obj/Release/net8.0/S0Sim.csproj.CoreCompileInputs.cache","66","f0e8fab5f59a2411db41f9ca8492746cb1133580d144cf4f6c6d1cbf384e8508"
"payload/generated-check-harnesses/S0Sim/obj/Release/net8.0/S0Sim.csproj.FileListAbsolute.txt","1271","c5da760c1b6b0f19104c929f78b8a982f864cc44fd4f89c201b53d9c0504a12d"
"payload/generated-check-harnesses/S0Sim/obj/Release/net8.0/S0Sim.csproj.Up2Date","0","e3b0c44298fc1c149afbf4c8996fb92427ae41e4649b934ca495991b7852b855"
"payload/generated-check-harnesses/S0Sim/obj/Release/net8.0/S0Sim.dll","139776","eabeb2f7c32f425c1c18192474d580dfe76643a35d13c4cb2547241a224c751e"
"payload/generated-check-harnesses/S0Sim/obj/Release/net8.0/S0Sim.GeneratedMSBuildEditorConfig.editorconfig","665","4984dbe47579133179b394d6c1a6706ed815fdf64976f4dbae41cb5eed997869"
"payload/generated-check-harnesses/S0Sim/obj/Release/net8.0/S0Sim.genruntimeconfig.cache","66","c213ba5b02aef4866eca49e364bca134b41ddd7f5d69cde811b0f0c192feff5f"
"payload/generated-check-harnesses/S0Sim/obj/Release/net8.0/S0Sim.GlobalUsings.g.cs","295","f3f134e9e825e3e7268090f58b1af2bda2de513f61a09c56f48b9b8d08612abc"
"payload/generated-check-harnesses/S0Sim/obj/Release/net8.0/S0Sim.pdb","49516","a361ea9ca3c6ca3f984e1671ba2370625259c3b80119c86e4df3199dff3a4b1a"
"payload/generated-check-harnesses/S0Sim/obj/Release/net8.0/S0Sim.sourcelink.json","142","bdb236d94e0068a916aa00274dfb0b3622270e6b75eb937e6fd7609359958f7d"
"payload/generated-check-harnesses/S0Sim/obj/S0Sim.csproj.nuget.dgspec.json","2426","386d1c281f3826998bff44e991afaa20b3841d2258f7580650ddfa265e24c8e2"
"payload/generated-check-harnesses/S0Sim/obj/S0Sim.csproj.nuget.g.props","1450","0a8e09aa03c7a6fa9c4429e5768b439b99105649a267ff25cec99194577b474b"
"payload/generated-check-harnesses/S0Sim/obj/S0Sim.csproj.nuget.g.targets","150","971cc9b535384849b5c661d776cd7a80833a416265e32e8968e06c367368b8b5"
"payload/generated-check-harnesses/S0Sim/Program.cs","10775","d9a11effeb4bba0c1cf49f210c11273da8e9314f866a5bbba7a62691378c5f27"
"payload/generated-check-harnesses/S0Sim/S0Sim.csproj","1232","6bb2f9156086721bd0df618eedd89ef3bf9460dae94546a40772f1fa87e746f9"
"payload/generated-check-harnesses/SyntaxCheck/bin/Debug/net9.0/cs/Microsoft.CodeAnalysis.CSharp.resources.dll","441632","6e891a22f092a9c996e502c18ef31cf12c152fd10a760b415f0fa664326c132d"
"payload/generated-check-harnesses/SyntaxCheck/bin/Debug/net9.0/cs/Microsoft.CodeAnalysis.resources.dll","48392","0cc249c45097b07f3587d82541e61941863f46ab726873aa530ef815244876e1"
"payload/generated-check-harnesses/SyntaxCheck/bin/Debug/net9.0/de/Microsoft.CodeAnalysis.CSharp.resources.dll","471856","b0bd7a8cf0b43511009f62c859da7c6023715e0062f0bb0eb44bc91a9950512c"
"payload/generated-check-harnesses/SyntaxCheck/bin/Debug/net9.0/de/Microsoft.CodeAnalysis.resources.dll","50472","510b9d9c887653d8dc8483cfb5fe2ea148a12c2f30d1149fd1fd70fdbb500486"
"payload/generated-check-harnesses/SyntaxCheck/bin/Debug/net9.0/es/Microsoft.CodeAnalysis.CSharp.resources.dll","461584","96a10610559c5994d079e0f586fb126501ec37377c07c18f79284917505c7afe"
"payload/generated-check-harnesses/SyntaxCheck/bin/Debug/net9.0/es/Microsoft.CodeAnalysis.resources.dll","49928","bbb82ab79e1e55740b0ddca341488ff8d02a90ddf4b2294c1a2b476171a07101"
"payload/generated-check-harnesses/SyntaxCheck/bin/Debug/net9.0/fr/Microsoft.CodeAnalysis.CSharp.resources.dll","473896","b9758f560b7621b2976eaac6374d15cd472102bb5b7b09983a9d9a4f2c1e3a85"
"payload/generated-check-harnesses/SyntaxCheck/bin/Debug/net9.0/fr/Microsoft.CodeAnalysis.resources.dll","50440","4791bf870e125c9099e08a0ebce3f9304252e07f15b660692086ffebd4012228"
"payload/generated-check-harnesses/SyntaxCheck/bin/Debug/net9.0/it/Microsoft.CodeAnalysis.CSharp.resources.dll","468232","9bdfe16fda5bcc65549aafcacb6515814fe008bc2877b907af47025c5741b599"
"payload/generated-check-harnesses/SyntaxCheck/bin/Debug/net9.0/it/Microsoft.CodeAnalysis.resources.dll","50456","b711bf0d281b8d76e205aefe6f9d8ff9fea05acd928498303393f2ef7af6d032"
"payload/generated-check-harnesses/SyntaxCheck/bin/Debug/net9.0/ja/Microsoft.CodeAnalysis.CSharp.resources.dll","515368","b94e03631387c17bab76cb18da013559ffdb75ac430836a5be37efd2e4c2e2a4"
"payload/generated-check-harnesses/SyntaxCheck/bin/Debug/net9.0/ja/Microsoft.CodeAnalysis.resources.dll","54024","8f93c659a85de56279904d0a92ad302737c3ea160f3a0fd5ac9795e35dc25fd0"
"payload/generated-check-harnesses/SyntaxCheck/bin/Debug/net9.0/ko/Microsoft.CodeAnalysis.CSharp.resources.dll","473352","5766376807a0276cbe470cda92204c12f5254a12fe9cd305d0ba13582f27ce55"
"payload/generated-check-harnesses/SyntaxCheck/bin/Debug/net9.0/ko/Microsoft.CodeAnalysis.resources.dll","50440","8e3f83f7ec9347f76185967c5d2aafc122a53a60ad19281cbbaf5c89dc614edd"
"payload/generated-check-harnesses/SyntaxCheck/bin/Debug/net9.0/Microsoft.CodeAnalysis.CSharp.dll","18356488","ee5abcc38a0c346af19ef19125cd06243601efec721d865c24201bf097fa22a9"
"payload/generated-check-harnesses/SyntaxCheck/bin/Debug/net9.0/Microsoft.CodeAnalysis.dll","8145168","0a151d760ba4b58d0df6ad3ae159f78d37d766e8d74a239be470e2fff1322e97"
"payload/generated-check-harnesses/SyntaxCheck/bin/Debug/net9.0/pl/Microsoft.CodeAnalysis.CSharp.resources.dll","474400","816dd9e62651e49282f8a53fd8eccd7cf11ab540d38b9d7f73eacf09867fcf2a"
"payload/generated-check-harnesses/SyntaxCheck/bin/Debug/net9.0/pl/Microsoft.CodeAnalysis.resources.dll","50440","afe6a31fb0a15e73e1076bfebb7a114f0be524327a6fcba5e42cd7ce944c645b"
"payload/generated-check-harnesses/SyntaxCheck/bin/Debug/net9.0/pt-BR/Microsoft.CodeAnalysis.CSharp.resources.dll","453912","24904de51e3c74f29e5b3d4826122d2b5aa92d6cfc0ff61aea00fa4a51ce352a"
"payload/generated-check-harnesses/SyntaxCheck/bin/Debug/net9.0/pt-BR/Microsoft.CodeAnalysis.resources.dll","49440","4da44df395f6db666acf5131731d0cfc71206c40e5426d14c27cf6671d55ecd1"
"payload/generated-check-harnesses/SyntaxCheck/bin/Debug/net9.0/ru/Microsoft.CodeAnalysis.CSharp.resources.dll","621320","0efcdb0218e0b118dd48bf7fa05ef1caa22057d6f71a27c695a779287130d99c"
"payload/generated-check-harnesses/SyntaxCheck/bin/Debug/net9.0/ru/Microsoft.CodeAnalysis.resources.dll","60688","a3ced288a8283fb85bfba4be8da53b3b848c3225848c55e5dee870b4a7594453"
"payload/generated-check-harnesses/SyntaxCheck/bin/Debug/net9.0/SyntaxCheck.deps.json","4070","c3b81b8bbd523e597296b32aed8d7b13cefc403ed18ccd9c20da135abc25ade1"
"payload/generated-check-harnesses/SyntaxCheck/bin/Debug/net9.0/SyntaxCheck.dll","6656","59e474a0e119f186e532ca47e6a513b3c7e8aaaf7fc81dc4c59a2553c43a351a"
"payload/generated-check-harnesses/SyntaxCheck/bin/Debug/net9.0/SyntaxCheck.exe","156160","cce2bcd521feb088bd08593434e8dc649bcaeb825ab9f9f6523c7d4697d489a1"
"payload/generated-check-harnesses/SyntaxCheck/bin/Debug/net9.0/SyntaxCheck.pdb","12196","9fbde8f2e1afcebb487af14637f135604ccbd22199103f57b13c3cd637116f43"
"payload/generated-check-harnesses/SyntaxCheck/bin/Debug/net9.0/SyntaxCheck.runtimeconfig.json","268","a45057885f807f4a337fdea3ccdfa64e1675d22a6d6a6fc7c7394fd44ba9eebe"
"payload/generated-check-harnesses/SyntaxCheck/bin/Debug/net9.0/tr/Microsoft.CodeAnalysis.CSharp.resources.dll","449800","c5ea688cc262da5bd66b940f495a6014304da01957bb57504f180af3f1e4d1f2"
"payload/generated-check-harnesses/SyntaxCheck/bin/Debug/net9.0/tr/Microsoft.CodeAnalysis.resources.dll","48912","6d546820090a41b18e7eecfb22e4aeabd9c69fe921ab461076038a17d3c6c4b4"
"payload/generated-check-harnesses/SyntaxCheck/bin/Debug/net9.0/zh-Hans/Microsoft.CodeAnalysis.CSharp.resources.dll","401168","6a5bdbd3c12798e44becd7f6e4c06241ce99fabd5f146fc5fd97ea39a4d6474c"
"payload/generated-check-harnesses/SyntaxCheck/bin/Debug/net9.0/zh-Hans/Microsoft.CodeAnalysis.resources.dll","45328","f8d07d05e27eb102d47919513bdcd183b580b0625c6a16f9b2e862c6a4fc2322"
"payload/generated-check-harnesses/SyntaxCheck/bin/Debug/net9.0/zh-Hant/Microsoft.CodeAnalysis.CSharp.resources.dll","400672","0bfff2770e39cc5c147a9db512734fe0f03be08c11e94b04c6bc57b75f973c38"
"payload/generated-check-harnesses/SyntaxCheck/bin/Debug/net9.0/zh-Hant/Microsoft.CodeAnalysis.resources.dll","45336","4d0a589920401a6cdbbe996ffa1f1d5ec7feea1bd69eb549c643429ddeb359df"
"payload/generated-check-harnesses/SyntaxCheck/obj/Debug/net8.0/.NETCoreApp,Version=v8.0.AssemblyAttributes.cs","198","f7a5d9789c863625e139ff99e1113a503830f6b85a88f6129916df83ac76b49e"
"payload/generated-check-harnesses/SyntaxCheck/obj/Debug/net8.0/SyntaxCheck.AssemblyInfo.cs","1000","711449b59b68cd260b7e681ca781d788566801916be20609e7d22989bd645742"
"payload/generated-check-harnesses/SyntaxCheck/obj/Debug/net8.0/SyntaxCheck.AssemblyInfoInputs.cache","66","395dff9f6a5f9d8fc2fbc5a1acb420584c0a9a89301c85d494a88df0dee4bdb5"
"payload/generated-check-harnesses/SyntaxCheck/obj/Debug/net8.0/SyntaxCheck.assets.cache","290","f6f4397bab6ffc0ad1ea33ac04844ff158ee8b66d36c9dcb73f345b6f5435825"
"payload/generated-check-harnesses/SyntaxCheck/obj/Debug/net8.0/SyntaxCheck.csproj.AssemblyReference.cache","4940","1f406290d0c7982729e5f87e98d427dcb8a136da686c19b95261c28320037b69"
"payload/generated-check-harnesses/SyntaxCheck/obj/Debug/net8.0/SyntaxCheck.csproj.CoreCompileInputs.cache","66","9260248a79f3cad06f7d60b4747fc402884a1efd464582fb477a55119165ed55"
"payload/generated-check-harnesses/SyntaxCheck/obj/Debug/net8.0/SyntaxCheck.csproj.FileListAbsolute.txt","551","fc551b695e796a430da78e3e8953f7443d7b8f44c694cc922704ac84e07b0e04"
"payload/generated-check-harnesses/SyntaxCheck/obj/Debug/net8.0/SyntaxCheck.GeneratedMSBuildEditorConfig.editorconfig","677","42856d94e1fbfb0974ddfaf47f4e3a315ee50ee49e8a605b018805940bd7f459"
"payload/generated-check-harnesses/SyntaxCheck/obj/Debug/net8.0/SyntaxCheck.sourcelink.json","142","ed9ec639f3caa0a3dab9ab14c490b54601fc3d3dac00dcb814942175edfd844d"
"payload/generated-check-harnesses/SyntaxCheck/obj/Debug/net9.0/.NETCoreApp,Version=v9.0.AssemblyAttributes.cs","198","9e76499c4e5cb623ad4889eaa99b1a53d9c970efcf902d8b096e78a19ee4285d"
"payload/generated-check-harnesses/SyntaxCheck/obj/Debug/net9.0/apphost.exe","156160","cce2bcd521feb088bd08593434e8dc649bcaeb825ab9f9f6523c7d4697d489a1"
"payload/generated-check-harnesses/SyntaxCheck/obj/Debug/net9.0/ref/SyntaxCheck.dll","5632","f6d3a46a17d37c30cba836d8386c1b1404e6d1d2edb42e7d85ce488a3879229c"
"payload/generated-check-harnesses/SyntaxCheck/obj/Debug/net9.0/refint/SyntaxCheck.dll","5632","f6d3a46a17d37c30cba836d8386c1b1404e6d1d2edb42e7d85ce488a3879229c"
"payload/generated-check-harnesses/SyntaxCheck/obj/Debug/net9.0/SyntaxCh.9CBF0A97.Up2Date","0","e3b0c44298fc1c149afbf4c8996fb92427ae41e4649b934ca495991b7852b855"
"payload/generated-check-harnesses/SyntaxCheck/obj/Debug/net9.0/SyntaxCheck.AssemblyInfo.cs","1000","5f7889a44ce299d4cb56c16d2d02a046822788f369d990938f6ba54e1a91afc0"
"payload/generated-check-harnesses/SyntaxCheck/obj/Debug/net9.0/SyntaxCheck.AssemblyInfoInputs.cache","66","ea10bbcd60efc08f662b2bb5bbfbfe4b53849d642b4ae5160fbdb525324a0738"
"payload/generated-check-harnesses/SyntaxCheck/obj/Debug/net9.0/SyntaxCheck.assets.cache","290","9c15371d2f6a8db1715a5c78ccf9b8f306e69bb9c8539151a233617a85bc2881"
"payload/generated-check-harnesses/SyntaxCheck/obj/Debug/net9.0/SyntaxCheck.csproj.AssemblyReference.cache","4940","1f406290d0c7982729e5f87e98d427dcb8a136da686c19b95261c28320037b69"
"payload/generated-check-harnesses/SyntaxCheck/obj/Debug/net9.0/SyntaxCheck.csproj.CoreCompileInputs.cache","66","76998ed9a4959a9e52898b90752c1f3411bf7840d09b06aac8d78c6f587244dd"
"payload/generated-check-harnesses/SyntaxCheck/obj/Debug/net9.0/SyntaxCheck.csproj.FileListAbsolute.txt","4073","e17031c8b3047b05e42b716cfcae19f28b60a25b016942f1ae802dea5c65434e"
"payload/generated-check-harnesses/SyntaxCheck/obj/Debug/net9.0/SyntaxCheck.dll","6656","59e474a0e119f186e532ca47e6a513b3c7e8aaaf7fc81dc4c59a2553c43a351a"
"payload/generated-check-harnesses/SyntaxCheck/obj/Debug/net9.0/SyntaxCheck.GeneratedMSBuildEditorConfig.editorconfig","677","ea48ac170429fb51ff697351e854418b4116b4d2e24d0dcf2dcf05cca7a29459"
"payload/generated-check-harnesses/SyntaxCheck/obj/Debug/net9.0/SyntaxCheck.genruntimeconfig.cache","66","be468390e1ea6c4bff1c6ca7b45eddaf8ff4611bb1b9de65c331ffa424782cae"
"payload/generated-check-harnesses/SyntaxCheck/obj/Debug/net9.0/SyntaxCheck.pdb","12196","9fbde8f2e1afcebb487af14637f135604ccbd22199103f57b13c3cd637116f43"
"payload/generated-check-harnesses/SyntaxCheck/obj/Debug/net9.0/SyntaxCheck.sourcelink.json","142","326bf2d1cd72dcb89b84cbb9732bcd186b4a46bc86471e019a327861214f51b9"
"payload/generated-check-harnesses/SyntaxCheck/obj/project.assets.json","2543","ff7dd402714f73535e1d8d16d96eed0cca022bde19e1dbca9483dad58624f453"
"payload/generated-check-harnesses/SyntaxCheck/obj/project.nuget.cache","204","2c98d3024bba327a52f755d474c09e9c00704a30e17c3b49ade6e3c0657080ba"
"payload/generated-check-harnesses/SyntaxCheck/obj/SyntaxCheck.csproj.nuget.dgspec.json","2486","1f6f3830e0ba5501ef9bdafca19501a548eb23fed60c717ed5a4d92e7b27167f"
"payload/generated-check-harnesses/SyntaxCheck/obj/SyntaxCheck.csproj.nuget.g.props","1450","0a8e09aa03c7a6fa9c4429e5768b439b99105649a267ff25cec99194577b474b"
"payload/generated-check-harnesses/SyntaxCheck/obj/SyntaxCheck.csproj.nuget.g.targets","150","971cc9b535384849b5c661d776cd7a80833a416265e32e8968e06c367368b8b5"
"payload/generated-check-harnesses/SyntaxCheck/Program.cs","862","e6c01364c478a0d6febae02b5940790b767f02c7c14ccb65b763250aa4b4156e"
"payload/generated-check-harnesses/SyntaxCheck/SyntaxCheck.csproj","546","e65451e63cd74413083136708ce3fd5e3bb65ccb18548019c553d6597b3fa338"
"payload/python-bytecode/offline-card-simulator-v0.1-cache/render_matrices.cpython-314.pyc","31321","028bab4b1894c1ad2385e15df7a8974ba83bf39c947ac9c4e86e38d8274cee8d"
"payload/python-bytecode/tools-cache/compose_archetype_anchor_review.cpython-314.pyc","13060","8c46198a38da6e9a42847b5b4696fa90ee5a7ead8e506fdec4af3773e5bf4728"
"payload/python-bytecode/tools-cache/compose_archetype_card_blind_test_v02.cpython-314.pyc","21689","d805d0e91246dbd4f87e83312a0c5490651b6b0c36da1900b65677256e90603b"
"payload/python-bytecode/tools-cache/compose_card_component_validation.cpython-314.pyc","5895","f6b2fa5d5b539448a7c6c1a8bd200db5414f80b4c97689a9863d37250ba6c78b"
"payload/python-bytecode/tools-cache/compose_card_component_validation_v02.cpython-314.pyc","31708","cc05af368c43617f2ffc48324b81f311049e4ebc64c9b76440849fe646e501c0"
"payload/python-bytecode/tools-cache/compose_sample_minion_review.cpython-314.pyc","10199","8fe593a1c248a61a75706e85cce2eb4ed06998752c2eb7cf8b9053d628e0c995"
"payload/python-bytecode/tools-cache/generate_light_storybook_production_manifest.cpython-314.pyc","14106","fa27eb6826899cf574ed5cc1a59d76a0dbf5cd0dbebc09de19483b9a8e68d813"
"payload/python-bytecode/tools-cache/prepare_card_runtime_assets.cpython-314.pyc","11384","fbe5b4dc71103f27d34cd6e3db6984a78e484c2fb942ad3758269b4bbd3bfcd8"
"payload/python-bytecode/validation-round-10-cache/validate.cpython-314.pyc","12624","0ef5d5f6ef5d7f4248a761227e091e52248dd1c75012554d76072f5d33de832b"
"payload/python-bytecode/validation-round-11-cache/validate.cpython-314.pyc","11947","e38572abd3f8340a9889079e6d962504d75cee21ac90b66dacadcc8632bb54ac"
"payload/python-bytecode/validation-round-8-cache/validate.cpython-314.pyc","11233","9ed41f0f1c757fae4646873ee04838e24628b17e62f33b16258a39019857889d"
"payload/python-bytecode/validation-round-9-cache/validate.cpython-314.pyc","12201","9c008406fd884c8eebd17f26ce77ac517ad2b7fdf1965ef773c2598c68571c7d"
"payload/redundant-root-copies/minions.v0.1.json","112569","b487bd2055cfbee1e3ce3f88728e0702bc4af6ff8f6d40c686600a6838f2cac7"
"payload/redundant-root-copies/spells.v0.1.json","16299","96713ac43d4fdd88d882b69a3ea59c8661decbc850fcf62ed493b9716b0f6826"
"payload/superseded-catalogs/minion-catalog-v5.1.0.md","20451","78b15a618a90b9766d7af41621c87f102d5d7b762d97df1f1943a58d24ab812d"
"payload/superseded-catalogs/minion-catalog-v5.3.0.md","20525","c86f8949ba9a4b71864e00c583f0d5d04de74e323e51b33f64b789bfd792a411"
