scenario_id,source,map_id,map_name,floor,node_id,node_type,combat_index,route_tag,event_id,event_name,encounter_id,encounter_name,threat_rating,build_id,development_level,battles,player_wins,enemy_wins,draws,player_win_rate,player_score_rate,win_ci95_low,win_ci95_high,average_rounds,p90_rounds,round_limit_count,effect_limit_hits,exceptions,average_player_survivors,average_enemy_survivors,enemy_cleave_hits_per_battle,enemy_summon_attempts_per_battle,enemy_summon_successes_per_battle,enemy_shields_granted_per_battle,enemy_shield_blocks_per_battle,enemy_furnace_transfers_per_battle,enemy_flourish_gained_per_battle
Map:map_wilderness:f1_opening_normal:f1_opening_encounter:B01_SHIELD_F1_C2,Map,map_wilderness,荒野,1,f1_opening_normal,Normal,1,,,,f1_opening_encounter,幼灵初啼,1,B01_SHIELD,C2,100,100,0,0,1,1,0.963007,1,1,1,0,0,0,2,0,0,1,1,0,0,0,0
Map:map_wilderness:f1_opening_normal:f1_opening_encounter:B02_BREAK_F1_C2,Map,map_wilderness,荒野,1,f1_opening_normal,Normal,1,,,,f1_opening_encounter,幼灵初啼,1,B02_BREAK,C2,100,100,0,0,1,1,0.963007,1,1,1,0,0,0,2,0,0,1,1,0,0,0,0
Map:map_wilderness:f1_opening_normal:f1_opening_encounter:B03_SUMMON_F1_C2,Map,map_wilderness,荒野,1,f1_opening_normal,Normal,1,,,,f1_opening_encounter,幼灵初啼,1,B03_SUMMON,C2,100,100,0,0,1,1,0.963007,1,1,1,0,0,0,2,0,0,1,1,0,0,0,0
Map:map_wilderness:f1_opening_normal:f1_opening_encounter:B04_DEATH_F1_C2,Map,map_wilderness,荒野,1,f1_opening_normal,Normal,1,,,,f1_opening_encounter,幼灵初啼,1,B04_DEATH,C2,100,100,0,0,1,1,0.963007,1,1,1,0,0,0,1.5,0,0,1,1,0,0,0,0
Map:map_wilderness:f1_opening_normal:f1_opening_encounter:B05_SPELL_F1_C2,Map,map_wilderness,荒野,1,f1_opening_normal,Normal,1,,,,f1_opening_encounter,幼灵初啼,1,B05_SPELL,C2,100,100,0,0,1,1,0.963007,1,1,1,0,0,0,2,0,0,1,1,0,0,0,0
Map:map_wilderness:f1_opening_normal:f1_opening_encounter:B06_REFRESH_F1_C2,Map,map_wilderness,荒野,1,f1_opening_normal,Normal,1,,,,f1_opening_encounter,幼灵初啼,1,B06_REFRESH,C2,100,100,0,0,1,1,0.963007,1,1,1,0,0,0,2,0,0,1,1,0,0,0,0
Map:map_wilderness:f1_early_summon:f1_early_summon_encounter:B01_SHIELD_F1_C2,Map,map_wilderness,荒野,1,f1_early_summon,Normal,2,,,,f1_early_summon_encounter,幼灵巡游者,1,B01_SHIELD,C2,100,59,41,0,0.59,0.59,0.492014,0.681327,2,2,0,0,0,0.59,0.41,0,1,1,0,0,0,0
Map:map_wilderness:f1_early_summon:f1_early_summon_encounter:B02_BREAK_F1_C2,Map,map_wilderness,荒野,1,f1_early_summon,Normal,2,,,,f1_early_summon_encounter,幼灵巡游者,1,B02_BREAK,C2,100,73,0,27,0.73,0.865,0.635679,0.807304,1.43,2,0,0,0,0.81,0,0,1,1,0,0,0,0
Map:map_wilderness:f1_early_summon:f1_early_summon_encounter:B03_SUMMON_F1_C2,Map,map_wilderness,荒野,1,f1_early_summon,Normal,2,,,,f1_early_summon_encounter,幼灵巡游者,1,B03_SUMMON,C2,100,64,33,3,0.64,0.655,0.542354,0.727288,1.11,2,0,0,0,0.94,0.33,0,1,1,0,0,0,0
Map:map_wilderness:f1_early_summon:f1_early_summon_encounter:B04_DEATH_F1_C2,Map,map_wilderness,荒野,1,f1_early_summon,Normal,2,,,,f1_early_summon_encounter,幼灵巡游者,1,B04_DEATH,C2,100,44,30,26,0.44,0.57,0.34672,0.537719,1.18,2,0,0,0,0.44,0.3,0,1,1,0,0,0,0
Map:map_wilderness:f1_early_summon:f1_early_summon_encounter:B05_SPELL_F1_C2,Map,map_wilderness,荒野,1,f1_early_summon,Normal,2,,,,f1_early_summon_encounter,幼灵巡游者,1,B05_SPELL,C2,100,66,24,10,0.66,0.71,0.562777,0.745385,1.74,2,0,0,0,0.72,0.24,0,1,1,0,0,0,0
Map:map_wilderness:f1_early_summon:f1_early_summon_encounter:B06_REFRESH_F1_C2,Map,map_wilderness,荒野,1,f1_early_summon,Normal,2,,,,f1_early_summon_encounter,幼灵巡游者,1,B06_REFRESH,C2,100,39,9,52,0.39,0.65,0.300169,0.48797,1.32,2,0,0,0,0.39,0.09,0,1,1,0,0,0,0
Map:map_wilderness:f1_safe_normal:f1_safe_normal_encounter:B01_SHIELD_F1_C2,Map,map_wilderness,荒野,1,f1_safe_normal,Normal,2,,,,f1_safe_normal_encounter,苔痕幼群,1,B01_SHIELD,C2,100,80,20,0,0.8,0.8,0.711171,0.866633,1.66,2,0,0,0,0.97,0.2,0,1,1,0,0,0,0
Map:map_wilderness:f1_safe_normal:f1_safe_normal_encounter:B02_BREAK_F1_C2,Map,map_wilderness,荒野,1,f1_safe_normal,Normal,2,,,,f1_safe_normal_encounter,苔痕幼群,1,B02_BREAK,C2,100,77,0,23,0.77,0.885,0.678456,0.841567,1.39,2,0,0,0,0.94,0,0,1,1,0,0,0,0
Map:map_wilderness:f1_safe_normal:f1_safe_normal_encounter:B03_SUMMON_F1_C2,Map,map_wilderness,荒野,1,f1_safe_normal,Normal,2,,,,f1_safe_normal_encounter,苔痕幼群,1,B03_SUMMON,C2,100,60,27,13,0.6,0.665,0.502003,0.690599,1.18,2,0,0,0,0.99,0.27,0,1,1,0,0,0,0
Map:map_wilderness:f1_safe_normal:f1_safe_normal_encounter:B04_DEATH_F1_C2,Map,map_wilderness,荒野,1,f1_safe_normal,Normal,2,,,,f1_safe_normal_encounter,苔痕幼群,1,B04_DEATH,C2,100,55,18,27,0.55,0.685,0.452446,0.643855,1.23,2,0,0,0,0.55,0.18,0,1,1,0,0,0,0
Map:map_wilderness:f1_safe_normal:f1_safe_normal_encounter:B05_SPELL_F1_C2,Map,map_wilderness,荒野,1,f1_safe_normal,Normal,2,,,,f1_safe_normal_encounter,苔痕幼群,1,B05_SPELL,C2,100,75,17,8,0.75,0.79,0.656955,0.824548,1.62,2,0,0,0,0.84,0.17,0,1,1,0,0,0,0
Map:map_wilderness:f1_safe_normal:f1_safe_normal_encounter:B06_REFRESH_F1_C2,Map,map_wilderness,荒野,1,f1_safe_normal,Normal,2,,,,f1_safe_normal_encounter,苔痕幼群,1,B06_REFRESH,C2,100,43,3,54,0.43,0.7,0.337333,0.527846,1.36,2,0,0,0,0.43,0.03,0,1,1,0,0,0,0
Map:map_wilderness:f1_mid_mechanic:f1_mid_mechanic_encounter:B01_SHIELD_F1_C4,Map,map_wilderness,荒野,1,f1_mid_mechanic,Normal,3,,,,f1_mid_mechanic_encounter,盘根育巢,2,B01_SHIELD,C4,100,89,0,11,0.89,0.945,0.813687,0.937458,2,2,0,0,0,1.34,0,0,2,2,0,0,0,0
Map:map_wilderness:f1_mid_mechanic:f1_mid_mechanic_encounter:B02_BREAK_F1_C4,Map,map_wilderness,荒野,1,f1_mid_mechanic,Normal,3,,,,f1_mid_mechanic_encounter,盘根育巢,2,B02_BREAK,C4,100,76,24,0,0.76,0.76,0.667677,0.833087,2,2,0,0,0,1.09,0.48,0,2,2,0,0,0,0
Map:map_wilderness:f1_mid_mechanic:f1_mid_mechanic_encounter:B03_SUMMON_F1_C4,Map,map_wilderness,荒野,1,f1_mid_mechanic,Normal,3,,,,f1_mid_mechanic_encounter,盘根育巢,2,B03_SUMMON,C4,100,71,4,25,0.71,0.835,0.614611,0.789852,1.12,2,0,0,0,0.93,0.04,0,2,2,0,0,0,0
Map:map_wilderness:f1_mid_mechanic:f1_mid_mechanic_encounter:B04_DEATH_F1_C4,Map,map_wilderness,荒野,1,f1_mid_mechanic,Normal,3,,,,f1_mid_mechanic_encounter,盘根育巢,2,B04_DEATH,C4,100,65,2,33,0.65,0.815,0.552544,0.736358,1.35,2,0,0,0,1.14,0.02,0,2,2,0,0,0,0
Map:map_wilderness:f1_mid_mechanic:f1_mid_mechanic_encounter:B05_SPELL_F1_C4,Map,map_wilderness,荒野,1,f1_mid_mechanic,Normal,3,,,,f1_mid_mechanic_encounter,盘根育巢,2,B05_SPELL,C4,100,94,0,6,0.94,0.97,0.875232,0.972214,1.5,2,0,0,0,1.35,0,0,2,2,0,0,0,0
Map:map_wilderness:f1_mid_mechanic:f1_mid_mechanic_encounter:B06_REFRESH_F1_C4,Map,map_wilderness,荒野,1,f1_mid_mechanic,Normal,3,,,,f1_mid_mechanic_encounter,盘根育巢,2,B06_REFRESH,C4,100,69,7,24,0.69,0.81,0.593739,0.772203,1.35,2,0,0,0,0.81,0.1,0,2,2,0,0,0,0
Map:map_wilderness:f1_route_normal:f1_route_normal_encounter:B01_SHIELD_F1_C4,Map,map_wilderness,荒野,1,f1_route_normal,Normal,4,Adventure,,,f1_route_normal_encounter,狐影繁生队,3,B01_SHIELD,C4,100,0,46,54,0,0.27,0,0.036993,1.91,2,0,0,0,0,0.52,0,2,2,0,0,0,0
Map:map_wilderness:f1_route_normal:f1_route_normal_encounter:B02_BREAK_F1_C4,Map,map_wilderness,荒野,1,f1_route_normal,Normal,4,Adventure,,,f1_route_normal_encounter,狐影繁生队,3,B02_BREAK,C4,100,10,47,43,0.1,0.315,0.055229,0.174366,2,2,0,0,0,0.1,0.47,0,2,2,0,0,0,0
Map:map_wilderness:f1_route_normal:f1_route_normal_encounter:B03_SUMMON_F1_C4,Map,map_wilderness,荒野,1,f1_route_normal,Normal,4,Adventure,,,f1_route_normal_encounter,狐影繁生队,3,B03_SUMMON,C4,100,7,63,30,0.07,0.22,0.034319,0.137495,1.18,2,0,0,0,0.07,0.65,0,2,2,0,0,0,0
Map:map_wilderness:f1_route_normal:f1_route_normal_encounter:B04_DEATH_F1_C4,Map,map_wilderness,荒野,1,f1_route_normal,Normal,4,Adventure,,,f1_route_normal_encounter,狐影繁生队,3,B04_DEATH,C4,100,9,72,19,0.09,0.185,0.048073,0.162262,1.52,2,0,0,0,0.09,1.01,0,1.98,1.98,0,0,0,0
Map:map_wilderness:f1_route_normal:f1_route_normal_encounter:B05_SPELL_F1_C4,Map,map_wilderness,荒野,1,f1_route_normal,Normal,4,Adventure,,,f1_route_normal_encounter,狐影繁生队,3,B05_SPELL,C4,100,17,39,44,0.17,0.39,0.108936,0.25548,1.65,2,0,0,0,0.17,0.46,0,2,2,0,0,0,0
Map:map_wilderness:f1_route_normal:f1_route_normal_encounter:B06_REFRESH_F1_C4,Map,map_wilderness,荒野,1,f1_route_normal,Normal,4,Adventure,,,f1_route_normal_encounter,狐影繁生队,3,B06_REFRESH,C4,100,10,36,54,0.1,0.37,0.055229,0.174366,1.41,2,0,0,0,0.1,0.48,0,2,2,0,0,0,0
Map:map_wilderness:f1_elite_wall:f1_c4_elite_encounter:B01_SHIELD_F1_C4,Map,map_wilderness,荒野,1,f1_elite_wall,Elite,4,Aggressive,,,f1_c4_elite_encounter,百根围猎队,4,B01_SHIELD,C4,100,5,59,36,0.05,0.23,0.021544,0.11175,1.83,2,0,0,0,0.06,0.75,0,2,2,0,0,0,0
Map:map_wilderness:f1_elite_wall:f1_c4_elite_encounter:B02_BREAK_F1_C4,Map,map_wilderness,荒野,1,f1_elite_wall,Elite,4,Aggressive,,,f1_c4_elite_encounter,百根围猎队,4,B02_BREAK,C4,100,6,43,51,0.06,0.315,0.027786,0.124768,1.84,2,0,0,0,0.06,0.66,0,1.98,1.98,0,0,0,0
Map:map_wilderness:f1_elite_wall:f1_c4_elite_encounter:B03_SUMMON_F1_C4,Map,map_wilderness,荒野,1,f1_elite_wall,Elite,4,Aggressive,,,f1_c4_elite_encounter,百根围猎队,4,B03_SUMMON,C4,100,9,70,21,0.09,0.195,0.048073,0.162262,1.04,1,0,0,0,0.1,0.88,0,1.92,1.92,0,0,0,0
Map:map_wilderness:f1_elite_wall:f1_c4_elite_encounter:B04_DEATH_F1_C4,Map,map_wilderness,荒野,1,f1_elite_wall,Elite,4,Aggressive,,,f1_c4_elite_encounter,百根围猎队,4,B04_DEATH,C4,100,3,76,21,0.03,0.135,0.010255,0.084519,1.17,2,0,0,0,0.03,0.95,0,1.82,1.82,0,0,0,0
Map:map_wilderness:f1_elite_wall:f1_c4_elite_encounter:B05_SPELL_F1_C4,Map,map_wilderness,荒野,1,f1_elite_wall,Elite,4,Aggressive,,,f1_c4_elite_encounter,百根围猎队,4,B05_SPELL,C4,100,15,29,56,0.15,0.43,0.09306,0.232836,1.62,2,0,0,0,0.16,0.39,0,2,2,0,0,0,0
Map:map_wilderness:f1_elite_wall:f1_c4_elite_encounter:B06_REFRESH_F1_C4,Map,map_wilderness,荒野,1,f1_elite_wall,Elite,4,Aggressive,,,f1_c4_elite_encounter,百根围猎队,4,B06_REFRESH,C4,100,7,54,39,0.07,0.265,0.034319,0.137495,1.32,2,0,0,0,0.07,0.71,0,1.96,1.96,0,0,0,0
Map:map_wilderness:f1_route_safe:f1_route_safe_encounter:B01_SHIELD_F1_C4,Map,map_wilderness,荒野,1,f1_route_safe,Normal,4,Conservative,,,f1_route_safe_encounter,盘根守林队,2,B01_SHIELD,C4,100,38,36,26,0.38,0.51,0.290976,0.477902,2.09,2,0,0,0,0.46,0.37,0,1,1,0,0,0,0
Map:map_wilderness:f1_route_safe:f1_route_safe_encounter:B02_BREAK_F1_C4,Map,map_wilderness,荒野,1,f1_route_safe,Normal,4,Conservative,,,f1_route_safe_encounter,盘根守林队,2,B02_BREAK,C4,100,48,41,11,0.48,0.535,0.384646,0.576834,2.04,2,0,0,0,0.62,0.5,0,1,1,0,0,0,0
Map:map_wilderness:f1_route_safe:f1_route_safe_encounter:B03_SUMMON_F1_C4,Map,map_wilderness,荒野,1,f1_route_safe,Normal,4,Conservative,,,f1_route_safe_encounter,盘根守林队,2,B03_SUMMON,C4,100,51,17,32,0.51,0.67,0.41348,0.60578,1.37,2,0,0,0,0.8,0.18,0,1,1,0,0,0,0
Map:map_wilderness:f1_route_safe:f1_route_safe_encounter:B04_DEATH_F1_C4,Map,map_wilderness,荒野,1,f1_route_safe,Normal,4,Conservative,,,f1_route_safe_encounter,盘根守林队,2,B04_DEATH,C4,100,61,11,28,0.61,0.75,0.51203,0.699831,1.64,2,0,0,0,0.86,0.14,0,1,1,0,0,0,0
Map:map_wilderness:f1_route_safe:f1_route_safe_encounter:B05_SPELL_F1_C4,Map,map_wilderness,荒野,1,f1_route_safe,Normal,4,Conservative,,,f1_route_safe_encounter,盘根守林队,2,B05_SPELL,C4,100,76,6,18,0.76,0.85,0.667677,0.833087,1.96,2,0,0,0,1.14,0.06,0,1,1,0,0,0,0
Map:map_wilderness:f1_route_safe:f1_route_safe_encounter:B06_REFRESH_F1_C4,Map,map_wilderness,荒野,1,f1_route_safe,Normal,4,Conservative,,,f1_route_safe_encounter,盘根守林队,2,B06_REFRESH,C4,100,62,15,23,0.62,0.735,0.522098,0.709024,1.65,2,0,0,0,0.68,0.17,0,0.98,0.98,0,0,0,0
Event:map_wilderness:roadside_ambush_f1:f1_c4_event_ambush_encounter:B01_SHIELD_F1_C4,Event,map_wilderness,荒野,1,roadside_ambush_f1,EventCombat,4,Event,roadside_ambush_f1,荒径伏击,f1_c4_event_ambush_encounter,盘根伏猎群,3,B01_SHIELD,C4,100,43,13,44,0.43,0.65,0.337333,0.527846,1.9,2,0,0,0,0.48,0.15,0,1,1,0,0,0,0
Event:map_wilderness:roadside_ambush_f1:f1_c4_event_ambush_encounter:B02_BREAK_F1_C4,Event,map_wilderness,荒野,1,roadside_ambush_f1,EventCombat,4,Event,roadside_ambush_f1,荒径伏击,f1_c4_event_ambush_encounter,盘根伏猎群,3,B02_BREAK,C4,100,27,16,57,0.27,0.555,0.192696,0.364321,2,2,0,0,0,0.27,0.16,0,1,1,0,0,0,0
Event:map_wilderness:roadside_ambush_f1:f1_c4_event_ambush_encounter:B03_SUMMON_F1_C4,Event,map_wilderness,荒野,1,roadside_ambush_f1,EventCombat,4,Event,roadside_ambush_f1,荒径伏击,f1_c4_event_ambush_encounter,盘根伏猎群,3,B03_SUMMON,C4,100,45,24,31,0.45,0.605,0.356145,0.547554,1.15,2,0,0,0,0.66,0.26,0,1,1,0,0,0,0
Event:map_wilderness:roadside_ambush_f1:f1_c4_event_ambush_encounter:B04_DEATH_F1_C4,Event,map_wilderness,荒野,1,roadside_ambush_f1,EventCombat,4,Event,roadside_ambush_f1,荒径伏击,f1_c4_event_ambush_encounter,盘根伏猎群,3,B04_DEATH,C4,100,57,8,35,0.57,0.745,0.472154,0.662667,1.45,2,0,0,0,0.61,0.08,0,0.99,0.99,0,0,0,0
Event:map_wilderness:roadside_ambush_f1:f1_c4_event_ambush_encounter:B05_SPELL_F1_C4,Event,map_wilderness,荒野,1,roadside_ambush_f1,EventCombat,4,Event,roadside_ambush_f1,荒径伏击,f1_c4_event_ambush_encounter,盘根伏猎群,3,B05_SPELL,C4,100,71,2,27,0.71,0.845,0.614611,0.789852,1.53,2,0,0,0,0.83,0.02,0,1,1,0,0,0,0
Event:map_wilderness:roadside_ambush_f1:f1_c4_event_ambush_encounter:B06_REFRESH_F1_C4,Event,map_wilderness,荒野,1,roadside_ambush_f1,EventCombat,4,Event,roadside_ambush_f1,荒径伏击,f1_c4_event_ambush_encounter,盘根伏猎群,3,B06_REFRESH,C4,100,48,24,28,0.48,0.62,0.384646,0.576834,1.38,2,0,0,0,0.51,0.24,0,0.89,0.89,0,0,0,0
Map:map_wilderness:f1_late_shield:f1_c5_shield_encounter:B01_SHIELD_F1_C5,Map,map_wilderness,荒野,1,f1_late_shield,Normal,5,,,,f1_c5_shield_encounter,迅羽踏潮,3,B01_SHIELD,C5,100,83,4,13,0.83,0.895,0.74452,0.891064,1.49,2,0,0,0,1.28,0.04,0,4,4,0,0,0,1
Map:map_wilderness:f1_late_shield:f1_c5_shield_encounter:B02_BREAK_F1_C5,Map,map_wilderness,荒野,1,f1_late_shield,Normal,5,,,,f1_c5_shield_encounter,迅羽踏潮,3,B02_BREAK,C5,100,89,2,9,0.89,0.935,0.813687,0.937458,1.07,1,0,0,0,1.96,0.02,0,4,4,0,0,0,1
Map:map_wilderness:f1_late_shield:f1_c5_shield_encounter:B03_SUMMON_F1_C5,Map,map_wilderness,荒野,1,f1_late_shield,Normal,5,,,,f1_c5_shield_encounter,迅羽踏潮,3,B03_SUMMON,C5,100,86,6,8,0.86,0.9,0.778628,0.914737,1.02,1,0,0,0,1.36,0.06,0,4,4,0,0,0,1
Map:map_wilderness:f1_late_shield:f1_c5_shield_encounter:B04_DEATH_F1_C5,Map,map_wilderness,荒野,1,f1_late_shield,Normal,5,,,,f1_c5_shield_encounter,迅羽踏潮,3,B04_DEATH,C5,100,100,0,0,1,1,0.963007,1,1.27,2,0,0,0,2.44,0,0,4,4,0,0,0,1
Map:map_wilderness:f1_late_shield:f1_c5_shield_encounter:B05_SPELL_F1_C5,Map,map_wilderness,荒野,1,f1_late_shield,Normal,5,,,,f1_c5_shield_encounter,迅羽踏潮,3,B05_SPELL,C5,100,85,4,11,0.85,0.905,0.767164,0.90694,1.28,2,0,0,0,1.63,0.07,0,4,4,0,0,0,1
Map:map_wilderness:f1_late_shield:f1_c5_shield_encounter:B06_REFRESH_F1_C5,Map,map_wilderness,荒野,1,f1_late_shield,Normal,5,,,,f1_c5_shield_encounter,迅羽踏潮,3,B06_REFRESH,C5,100,68,16,16,0.68,0.76,0.583374,0.763309,1.1,1,0,0,0,1.12,0.19,0,4,4,0,0,0,1
Map:map_wilderness:f1_late_summon:f1_c5_summon_encounter:B01_SHIELD_F1_C5,Map,map_wilderness,荒野,1,f1_late_summon,Normal,5,,,,f1_c5_summon_encounter,狐巢回响,3,B01_SHIELD,C5,100,94,5,1,0.94,0.945,0.875232,0.972214,1.64,2,0,0,0,1.65,0.09,0,5,5,0,0,0,0
Map:map_wilderness:f1_late_summon:f1_c5_summon_encounter:B02_BREAK_F1_C5,Map,map_wilderness,荒野,1,f1_late_summon,Normal,5,,,,f1_c5_summon_encounter,狐巢回响,3,B02_BREAK,C5,100,98,1,1,0.98,0.985,0.929988,0.994498,1.14,2,0,0,0,3.03,0.02,0,5,5,0,0,0,0
Map:map_wilderness:f1_late_summon:f1_c5_summon_encounter:B03_SUMMON_F1_C5,Map,map_wilderness,荒野,1,f1_late_summon,Normal,5,,,,f1_c5_summon_encounter,狐巢回响,3,B03_SUMMON,C5,100,73,16,11,0.73,0.785,0.635679,0.807304,1.16,2,0,0,0,1.22,0.22,0,4.96,4.96,0,0,0,0
Map:map_wilderness:f1_late_summon:f1_c5_summon_encounter:B04_DEATH_F1_C5,Map,map_wilderness,荒野,1,f1_late_summon,Normal,5,,,,f1_c5_summon_encounter,狐巢回响,3,B04_DEATH,C5,100,100,0,0,1,1,0.963007,1,1.46,2,0,0,0,2.85,0,0,5,5,0,0,0,0
Map:map_wilderness:f1_late_summon:f1_c5_summon_encounter:B05_SPELL_F1_C5,Map,map_wilderness,荒野,1,f1_late_summon,Normal,5,,,,f1_c5_summon_encounter,狐巢回响,3,B05_SPELL,C5,100,100,0,0,1,1,0.963007,1,1.37,2,0,0,0,2.06,0,0,5,5,0,0,0,0
Map:map_wilderness:f1_late_summon:f1_c5_summon_encounter:B06_REFRESH_F1_C5,Map,map_wilderness,荒野,1,f1_late_summon,Normal,5,,,,f1_c5_summon_encounter,狐巢回响,3,B06_REFRESH,C5,100,94,1,5,0.94,0.965,0.875232,0.972214,1.28,2,0,0,0,1.72,0.01,0,5,5,0,0,0,0
Map:map_wilderness:f1_boss:f1_c6_boss_encounter:B01_SHIELD_F1_C5,Map,map_wilderness,荒野,1,f1_boss,Boss,6,,,,f1_c6_boss_encounter,万籁母巢,4,B01_SHIELD,C5,100,0,100,0,0,0,0,0.036993,1.93,2,0,0,0,0,2.28,0,4.22,4.22,0,0,0,0.94
Map:map_wilderness:f1_boss:f1_c6_boss_encounter:B02_BREAK_F1_C5,Map,map_wilderness,荒野,1,f1_boss,Boss,6,,,,f1_c6_boss_encounter,万籁母巢,4,B02_BREAK,C5,100,1,98,1,0.01,0.015,0.001767,0.054486,1.53,2,0,0,0,0.01,1.69,0,4.58,4.58,0,0,0,0.96
Map:map_wilderness:f1_boss:f1_c6_boss_encounter:B03_SUMMON_F1_C5,Map,map_wilderness,荒野,1,f1_boss,Boss,6,,,,f1_c6_boss_encounter,万籁母巢,4,B03_SUMMON,C5,100,0,100,0,0,0,0,0.036993,1.08,1,0,0,0,0,2.31,0,3.77,3.77,0,0,0,0.87
Map:map_wilderness:f1_boss:f1_c6_boss_encounter:B04_DEATH_F1_C5,Map,map_wilderness,荒野,1,f1_boss,Boss,6,,,,f1_c6_boss_encounter,万籁母巢,4,B04_DEATH,C5,100,14,66,20,0.14,0.24,0.085263,0.221372,2.05,2,0,0,0,0.17,0.88,0,4.65,4.65,0,0,0,1
Map:map_wilderness:f1_boss:f1_c6_boss_encounter:B05_SPELL_F1_C5,Map,map_wilderness,荒野,1,f1_boss,Boss,6,,,,f1_c6_boss_encounter,万籁母巢,4,B05_SPELL,C5,100,0,100,0,0,0,0,0.036993,1.43,2,0,0,0,0,2.17,0,3.95,3.95,0,0,0,0.92
Map:map_wilderness:f1_boss:f1_c6_boss_encounter:B06_REFRESH_F1_C5,Map,map_wilderness,荒野,1,f1_boss,Boss,6,,,,f1_c6_boss_encounter,万籁母巢,4,B06_REFRESH,C5,100,0,100,0,0,0,0,0.036993,1.25,2,0,0,0,0,2.44,0,3.85,3.85,0,0,0,0.89
Map:map_startrail_highlands:f2_opening_normal:f2_opening_encounter:B01_SHIELD_F2_C2,Map,map_startrail_highlands,星轨高原,2,f2_opening_normal,Normal,1,,,,f2_opening_encounter,月相校准阵,2,B01_SHIELD,C2,100,100,0,0,1,1,0.963007,1,1.55,2,0,0,0,2.8,0,0,0,0,0,3,0,0
Map:map_startrail_highlands:f2_opening_normal:f2_opening_encounter:B02_BREAK_F2_C2,Map,map_startrail_highlands,星轨高原,2,f2_opening_normal,Normal,1,,,,f2_opening_encounter,月相校准阵,2,B02_BREAK,C2,100,100,0,0,1,1,0.963007,1,1.07,1,0,0,0,3.85,0,0,0,0,0,3,0,0
Map:map_startrail_highlands:f2_opening_normal:f2_opening_encounter:B03_SUMMON_F2_C2,Map,map_startrail_highlands,星轨高原,2,f2_opening_normal,Normal,1,,,,f2_opening_encounter,月相校准阵,2,B03_SUMMON,C2,100,100,0,0,1,1,0.963007,1,1.37,2,0,0,0,1.99,0,0,0,0,0,3,0,0
Map:map_startrail_highlands:f2_opening_normal:f2_opening_encounter:B04_DEATH_F2_C2,Map,map_startrail_highlands,星轨高原,2,f2_opening_normal,Normal,1,,,,f2_opening_encounter,月相校准阵,2,B04_DEATH,C2,100,100,0,0,1,1,0.963007,1,1.53,2,0,0,0,4,0,0,0,0,0,3,0,0
Map:map_startrail_highlands:f2_opening_normal:f2_opening_encounter:B05_SPELL_F2_C2,Map,map_startrail_highlands,星轨高原,2,f2_opening_normal,Normal,1,,,,f2_opening_encounter,月相校准阵,2,B05_SPELL,C2,100,100,0,0,1,1,0.963007,1,1.11,2,0,0,0,4.17,0,0,0,0,0,3,0,0
Map:map_startrail_highlands:f2_opening_normal:f2_opening_encounter:B06_REFRESH_F2_C2,Map,map_startrail_highlands,星轨高原,2,f2_opening_normal,Normal,1,,,,f2_opening_encounter,月相校准阵,2,B06_REFRESH,C2,100,100,0,0,1,1,0.963007,1,1.05,1,0,0,0,4.28,0,0,0,0,0,3,0,0
Map:map_startrail_highlands:f2_early_spell:f2_early_spell_encounter:B01_SHIELD_F2_C2,Map,map_startrail_highlands,星轨高原,2,f2_early_spell,Normal,2,,,,f2_early_spell_encounter,坠光预演阵,2,B01_SHIELD,C2,100,64,17,19,0.64,0.735,0.542354,0.727288,1.43,2,0,0,0,1,0.19,1.34,0,0,0,2,0,0
Map:map_startrail_highlands:f2_early_spell:f2_early_spell_encounter:B02_BREAK_F2_C2,Map,map_startrail_highlands,星轨高原,2,f2_early_spell,Normal,2,,,,f2_early_spell_encounter,坠光预演阵,2,B02_BREAK,C2,100,91,4,5,0.91,0.935,0.837738,0.951927,1.23,2,0,0,0,1.91,0.04,1.6,0,0,0,2,0,0
Map:map_startrail_highlands:f2_early_spell:f2_early_spell_encounter:B03_SUMMON_F2_C2,Map,map_startrail_highlands,星轨高原,2,f2_early_spell,Normal,2,,,,f2_early_spell_encounter,坠光预演阵,2,B03_SUMMON,C2,100,41,15,44,0.41,0.63,0.318673,0.507986,1.12,2,0,0,0,0.5,0.17,1.52,0,0,0,2,0,0
Map:map_startrail_highlands:f2_early_spell:f2_early_spell_encounter:B04_DEATH_F2_C2,Map,map_startrail_highlands,星轨高原,2,f2_early_spell,Normal,2,,,,f2_early_spell_encounter,坠光预演阵,2,B04_DEATH,C2,100,100,0,0,1,1,0.963007,1,1.31,2,0,0,0,3.55,0,1.6,0,0,0,2,0,0
Map:map_startrail_highlands:f2_early_spell:f2_early_spell_encounter:B05_SPELL_F2_C2,Map,map_startrail_highlands,星轨高原,2,f2_early_spell,Normal,2,,,,f2_early_spell_encounter,坠光预演阵,2,B05_SPELL,C2,100,100,0,0,1,1,0.963007,1,1.05,1,0,0,0,3.24,0,1.3,0,0,0,2,0,0
Map:map_startrail_highlands:f2_early_spell:f2_early_spell_encounter:B06_REFRESH_F2_C2,Map,map_startrail_highlands,星轨高原,2,f2_early_spell,Normal,2,,,,f2_early_spell_encounter,坠光预演阵,2,B06_REFRESH,C2,100,100,0,0,1,1,0.963007,1,1,1,0,0,0,3.41,0,1.3,0,0,0,2,0,0
Map:map_startrail_highlands:f2_normal:f2_normal_encounter:B01_SHIELD_F2_C2,Map,map_startrail_highlands,星轨高原,2,f2_normal,Normal,2,,,,f2_normal_encounter,秘页观测队,2,B01_SHIELD,C2,100,96,0,4,0.96,0.98,0.901629,0.984337,1.44,2,0,0,0,1.65,0,0,0,0,0,2,0,0
Map:map_startrail_highlands:f2_normal:f2_normal_encounter:B02_BREAK_F2_C2,Map,map_startrail_highlands,星轨高原,2,f2_normal,Normal,2,,,,f2_normal_encounter,秘页观测队,2,B02_BREAK,C2,100,100,0,0,1,1,0.963007,1,1.05,1,0,0,0,3.42,0,0,0,0,0,2,0,0
Map:map_startrail_highlands:f2_normal:f2_normal_encounter:B03_SUMMON_F2_C2,Map,map_startrail_highlands,星轨高原,2,f2_normal,Normal,2,,,,f2_normal_encounter,秘页观测队,2,B03_SUMMON,C2,100,82,1,17,0.82,0.905,0.733326,0.882998,1.16,2,0,0,0,1.2,0.01,0,0,0,0,2,0,0
Map:map_startrail_highlands:f2_normal:f2_normal_encounter:B04_DEATH_F2_C2,Map,map_startrail_highlands,星轨高原,2,f2_normal,Normal,2,,,,f2_normal_encounter,秘页观测队,2,B04_DEATH,C2,100,100,0,0,1,1,0.963007,1,1.19,2,0,0,0,3.92,0,0,0,0,0,2,0,0
Map:map_startrail_highlands:f2_normal:f2_normal_encounter:B05_SPELL_F2_C2,Map,map_startrail_highlands,星轨高原,2,f2_normal,Normal,2,,,,f2_normal_encounter,秘页观测队,2,B05_SPELL,C2,100,100,0,0,1,1,0.963007,1,1.01,1,0,0,0,3.76,0,0,0,0,0,2,0,0
Map:map_startrail_highlands:f2_normal:f2_normal_encounter:B06_REFRESH_F2_C2,Map,map_startrail_highlands,星轨高原,2,f2_normal,Normal,2,,,,f2_normal_encounter,秘页观测队,2,B06_REFRESH,C2,100,100,0,0,1,1,0.963007,1,1,1,0,0,0,3.45,0,0,0,0,0,2,0,0
Map:map_startrail_highlands:f2_mid_mechanic:f2_mid_mechanic_encounter:B01_SHIELD_F2_C4,Map,map_startrail_highlands,星轨高原,2,f2_mid_mechanic,Normal,3,,,,f2_mid_mechanic_encounter,星环折光阵,3,B01_SHIELD,C4,100,95,1,4,0.95,0.97,0.88825,0.978456,1.69,2,0,0,0,2.06,0.01,1.43,0,0,0,3,0,0
Map:map_startrail_highlands:f2_mid_mechanic:f2_mid_mechanic_encounter:B02_BREAK_F2_C4,Map,map_startrail_highlands,星轨高原,2,f2_mid_mechanic,Normal,3,,,,f2_mid_mechanic_encounter,星环折光阵,3,B02_BREAK,C4,100,100,0,0,1,1,0.963007,1,1.16,2,0,0,0,2.82,0,1.3,0,0,0,3,0,0
Map:map_startrail_highlands:f2_mid_mechanic:f2_mid_mechanic_encounter:B03_SUMMON_F2_C4,Map,map_startrail_highlands,星轨高原,2,f2_mid_mechanic,Normal,3,,,,f2_mid_mechanic_encounter,星环折光阵,3,B03_SUMMON,C4,100,100,0,0,1,1,0.963007,1,1.05,1,0,0,0,3.43,0,1.03,0,0,0,3,0,0
Map:map_startrail_highlands:f2_mid_mechanic:f2_mid_mechanic_encounter:B04_DEATH_F2_C4,Map,map_startrail_highlands,星轨高原,2,f2_mid_mechanic,Normal,3,,,,f2_mid_mechanic_encounter,星环折光阵,3,B04_DEATH,C4,100,100,0,0,1,1,0.963007,1,1.46,2,0,0,0,3.79,0,1.6,0,0,0,3,0,0
Map:map_startrail_highlands:f2_mid_mechanic:f2_mid_mechanic_encounter:B05_SPELL_F2_C4,Map,map_startrail_highlands,星轨高原,2,f2_mid_mechanic,Normal,3,,,,f2_mid_mechanic_encounter,星环折光阵,3,B05_SPELL,C4,100,100,0,0,1,1,0.963007,1,1.12,2,0,0,0,3.54,0,1.3,0,0,0,3,0,0
Map:map_startrail_highlands:f2_mid_mechanic:f2_mid_mechanic_encounter:B06_REFRESH_F2_C4,Map,map_startrail_highlands,星轨高原,2,f2_mid_mechanic,Normal,3,,,,f2_mid_mechanic_encounter,星环折光阵,3,B06_REFRESH,C4,100,100,0,0,1,1,0.963007,1,1.05,1,0,0,0,4.23,0,1.3,0,0,0,3,0,0
Map:map_startrail_highlands:f2_route_normal:f2_route_normal_encounter:B01_SHIELD_F2_C4,Map,map_startrail_highlands,星轨高原,2,f2_route_normal,Normal,4,Adventure,,,f2_route_normal_encounter,命轨巡弋队,3,B01_SHIELD,C4,100,89,0,11,0.89,0.945,0.813687,0.937458,1.58,2,0,0,0,1.8,0,1.41,0,0,0,2,0,0
Map:map_startrail_highlands:f2_route_normal:f2_route_normal_encounter:B02_BREAK_F2_C4,Map,map_startrail_highlands,星轨高原,2,f2_route_normal,Normal,4,Adventure,,,f2_route_normal_encounter,命轨巡弋队,3,B02_BREAK,C4,100,100,0,0,1,1,0.963007,1,1.03,1,0,0,0,2.77,0,1.3,0,0,0,2,0,0
Map:map_startrail_highlands:f2_route_normal:f2_route_normal_encounter:B03_SUMMON_F2_C4,Map,map_startrail_highlands,星轨高原,2,f2_route_normal,Normal,4,Adventure,,,f2_route_normal_encounter,命轨巡弋队,3,B03_SUMMON,C4,100,100,0,0,1,1,0.963007,1,1,1,0,0,0,3.9,0,0.86,0,0,0,2,0,0
Map:map_startrail_highlands:f2_route_normal:f2_route_normal_encounter:B04_DEATH_F2_C4,Map,map_startrail_highlands,星轨高原,2,f2_route_normal,Normal,4,Adventure,,,f2_route_normal_encounter,命轨巡弋队,3,B04_DEATH,C4,100,100,0,0,1,1,0.963007,1,1.47,2,0,0,0,3.22,0,1.6,0,0,0,2,0,0
Map:map_startrail_highlands:f2_route_normal:f2_route_normal_encounter:B05_SPELL_F2_C4,Map,map_startrail_highlands,星轨高原,2,f2_route_normal,Normal,4,Adventure,,,f2_route_normal_encounter,命轨巡弋队,3,B05_SPELL,C4,100,100,0,0,1,1,0.963007,1,1.01,1,0,0,0,3.19,0,1.3,0,0,0,2,0,0
Map:map_startrail_highlands:f2_route_normal:f2_route_normal_encounter:B06_REFRESH_F2_C4,Map,map_startrail_highlands,星轨高原,2,f2_route_normal,Normal,4,Adventure,,,f2_route_normal_encounter,命轨巡弋队,3,B06_REFRESH,C4,100,100,0,0,1,1,0.963007,1,1,1,0,0,0,3.98,0,1.3,0,0,0,2,0,0
Map:map_startrail_highlands:f2_elite:f2_c4_elite_encounter:B01_SHIELD_F2_C4,Map,map_startrail_highlands,星轨高原,2,f2_elite,Elite,4,Aggressive,,,f2_c4_elite_encounter,金色坠光议会,4,B01_SHIELD,C4,100,35,43,22,0.35,0.46,0.263642,0.447456,1.54,2,0,0,0,0.75,0.68,1.44,0,0,0,2,0,0
Map:map_startrail_highlands:f2_elite:f2_c4_elite_encounter:B02_BREAK_F2_C4,Map,map_startrail_highlands,星轨高原,2,f2_elite,Elite,4,Aggressive,,,f2_c4_elite_encounter,金色坠光议会,4,B02_BREAK,C4,100,100,0,0,1,1,0.963007,1,1.06,1,0,0,0,2.54,0,1.3,0,0,0,2,0,0
Map:map_startrail_highlands:f2_elite:f2_c4_elite_encounter:B03_SUMMON_F2_C4,Map,map_startrail_highlands,星轨高原,2,f2_elite,Elite,4,Aggressive,,,f2_c4_elite_encounter,金色坠光议会,4,B03_SUMMON,C4,100,100,0,0,1,1,0.963007,1,1.03,1,0,0,0,2.79,0,1.2,0,0,0,2,0,0
Map:map_startrail_highlands:f2_elite:f2_c4_elite_encounter:B04_DEATH_F2_C4,Map,map_startrail_highlands,星轨高原,2,f2_elite,Elite,4,Aggressive,,,f2_c4_elite_encounter,金色坠光议会,4,B04_DEATH,C4,100,46,19,35,0.46,0.635,0.365608,0.557351,1.82,2,0,0,0,0.56,0.25,2.02,0,0,0,2,0,0
Map:map_startrail_highlands:f2_elite:f2_c4_elite_encounter:B05_SPELL_F2_C4,Map,map_startrail_highlands,星轨高原,2,f2_elite,Elite,4,Aggressive,,,f2_c4_elite_encounter,金色坠光议会,4,B05_SPELL,C4,100,100,0,0,1,1,0.963007,1,1.24,2,0,0,0,2.86,0,1.3,0,0,0,2,0,0
Map:map_startrail_highlands:f2_elite:f2_c4_elite_encounter:B06_REFRESH_F2_C4,Map,map_startrail_highlands,星轨高原,2,f2_elite,Elite,4,Aggressive,,,f2_c4_elite_encounter,金色坠光议会,4,B06_REFRESH,C4,100,100,0,0,1,1,0.963007,1,1.13,2,0,0,0,2.69,0,1.3,0,0,0,2,0,0
Map:map_startrail_highlands:f2_route_safe:f2_route_safe_encounter:B01_SHIELD_F2_C4,Map,map_startrail_highlands,星轨高原,2,f2_route_safe,Normal,4,Conservative,,,f2_route_safe_encounter,月轮守望队,2,B01_SHIELD,C4,100,98,0,2,0.98,0.99,0.929988,0.994498,1.69,2,0,0,0,2.46,0,0,0,0,0,3,0,0
Map:map_startrail_highlands:f2_route_safe:f2_route_safe_encounter:B02_BREAK_F2_C4,Map,map_startrail_highlands,星轨高原,2,f2_route_safe,Normal,4,Conservative,,,f2_route_safe_encounter,月轮守望队,2,B02_BREAK,C4,100,100,0,0,1,1,0.963007,1,1.1,1,0,0,0,3.43,0,0,0,0,0,3,0,0
Map:map_startrail_highlands:f2_route_safe:f2_route_safe_encounter:B03_SUMMON_F2_C4,Map,map_startrail_highlands,星轨高原,2,f2_route_safe,Normal,4,Conservative,,,f2_route_safe_encounter,月轮守望队,2,B03_SUMMON,C4,100,100,0,0,1,1,0.963007,1,1.01,1,0,0,0,3.6,0,0,0,0,0,3,0,0
Map:map_startrail_highlands:f2_route_safe:f2_route_safe_encounter:B04_DEATH_F2_C4,Map,map_startrail_highlands,星轨高原,2,f2_route_safe,Normal,4,Conservative,,,f2_route_safe_encounter,月轮守望队,2,B04_DEATH,C4,100,100,0,0,1,1,0.963007,1,1.56,2,0,0,0,3.56,0,0,0,0,0,3,0,0
Map:map_startrail_highlands:f2_route_safe:f2_route_safe_encounter:B05_SPELL_F2_C4,Map,map_startrail_highlands,星轨高原,2,f2_route_safe,Normal,4,Conservative,,,f2_route_safe_encounter,月轮守望队,2,B05_SPELL,C4,100,100,0,0,1,1,0.963007,1,1.05,1,0,0,0,3.78,0,0,0,0,0,3,0,0
Map:map_startrail_highlands:f2_route_safe:f2_route_safe_encounter:B06_REFRESH_F2_C4,Map,map_startrail_highlands,星轨高原,2,f2_route_safe,Normal,4,Conservative,,,f2_route_safe_encounter,月轮守望队,2,B06_REFRESH,C4,100,100,0,0,1,1,0.963007,1,1.04,1,0,0,0,4.43,0,0,0,0,0,3,0,0
Event:map_startrail_highlands:ravine_ambush_f2:f2_c4_event_ambush_encounter:B01_SHIELD_F2_C4,Event,map_startrail_highlands,星轨高原,2,ravine_ambush_f2,EventCombat,4,Event,ravine_ambush_f2,裂谷伏兵,f2_c4_event_ambush_encounter,折光伏星阵,4,B01_SHIELD,C4,100,95,0,5,0.95,0.975,0.88825,0.978456,1.57,2,0,0,0,2.11,0,0.53,0,0,0,2,0,0
Event:map_startrail_highlands:ravine_ambush_f2:f2_c4_event_ambush_encounter:B02_BREAK_F2_C4,Event,map_startrail_highlands,星轨高原,2,ravine_ambush_f2,EventCombat,4,Event,ravine_ambush_f2,裂谷伏兵,f2_c4_event_ambush_encounter,折光伏星阵,4,B02_BREAK,C4,100,100,0,0,1,1,0.963007,1,1.01,1,0,0,0,3.34,0,0.48,0,0,0,2,0,0
Event:map_startrail_highlands:ravine_ambush_f2:f2_c4_event_ambush_encounter:B03_SUMMON_F2_C4,Event,map_startrail_highlands,星轨高原,2,ravine_ambush_f2,EventCombat,4,Event,ravine_ambush_f2,裂谷伏兵,f2_c4_event_ambush_encounter,折光伏星阵,4,B03_SUMMON,C4,100,100,0,0,1,1,0.963007,1,1,1,0,0,0,3.85,0,0.34,0,0,0,2,0,0
Event:map_startrail_highlands:ravine_ambush_f2:f2_c4_event_ambush_encounter:B04_DEATH_F2_C4,Event,map_startrail_highlands,星轨高原,2,ravine_ambush_f2,EventCombat,4,Event,ravine_ambush_f2,裂谷伏兵,f2_c4_event_ambush_encounter,折光伏星阵,4,B04_DEATH,C4,100,100,0,0,1,1,0.963007,1,1.47,2,0,0,0,3.31,0,0.4,0,0,0,2,0,0
Event:map_startrail_highlands:ravine_ambush_f2:f2_c4_event_ambush_encounter:B05_SPELL_F2_C4,Event,map_startrail_highlands,星轨高原,2,ravine_ambush_f2,EventCombat,4,Event,ravine_ambush_f2,裂谷伏兵,f2_c4_event_ambush_encounter,折光伏星阵,4,B05_SPELL,C4,100,100,0,0,1,1,0.963007,1,1.04,1,0,0,0,3.38,0,0.43,0,0,0,2,0,0
Event:map_startrail_highlands:ravine_ambush_f2:f2_c4_event_ambush_encounter:B06_REFRESH_F2_C4,Event,map_startrail_highlands,星轨高原,2,ravine_ambush_f2,EventCombat,4,Event,ravine_ambush_f2,裂谷伏兵,f2_c4_event_ambush_encounter,折光伏星阵,4,B06_REFRESH,C4,100,100,0,0,1,1,0.963007,1,1.01,1,0,0,0,4.23,0,0.56,0,0,0,2,0,0
Map:map_startrail_highlands:f2_late_break:f2_c5_break_encounter:B01_SHIELD_F2_C5,Map,map_startrail_highlands,星轨高原,2,f2_late_break,Normal,5,,,,f2_c5_break_encounter,月轮守护终检,4,B01_SHIELD,C5,100,98,0,2,0.98,0.99,0.929988,0.994498,1.98,2,0,0,0,1.68,0,0,0,0,0,4,0,0
Map:map_startrail_highlands:f2_late_break:f2_c5_break_encounter:B02_BREAK_F2_C5,Map,map_startrail_highlands,星轨高原,2,f2_late_break,Normal,5,,,,f2_c5_break_encounter,月轮守护终检,4,B02_BREAK,C5,100,100,0,0,1,1,0.963007,1,1.38,2,0,0,0,2.82,0,0,0,0,0,4,0,0
Map:map_startrail_highlands:f2_late_break:f2_c5_break_encounter:B03_SUMMON_F2_C5,Map,map_startrail_highlands,星轨高原,2,f2_late_break,Normal,5,,,,f2_c5_break_encounter,月轮守护终检,4,B03_SUMMON,C5,100,100,0,0,1,1,0.963007,1,1.02,1,0,0,0,2.84,0,0,0,0,0,4,0,0
Map:map_startrail_highlands:f2_late_break:f2_c5_break_encounter:B04_DEATH_F2_C5,Map,map_startrail_highlands,星轨高原,2,f2_late_break,Normal,5,,,,f2_c5_break_encounter,月轮守护终检,4,B04_DEATH,C5,100,100,0,0,1,1,0.963007,1,1.89,2,0,0,0,3.08,0,0,0,0,0,4,0,0
Map:map_startrail_highlands:f2_late_break:f2_c5_break_encounter:B05_SPELL_F2_C5,Map,map_startrail_highlands,星轨高原,2,f2_late_break,Normal,5,,,,f2_c5_break_encounter,月轮守护终检,4,B05_SPELL,C5,100,100,0,0,1,1,0.963007,1,1.3,2,0,0,0,3.67,0,0,0,0,0,4,0,0
Map:map_startrail_highlands:f2_late_break:f2_c5_break_encounter:B06_REFRESH_F2_C5,Map,map_startrail_highlands,星轨高原,2,f2_late_break,Normal,5,,,,f2_c5_break_encounter,月轮守护终检,4,B06_REFRESH,C5,100,100,0,0,1,1,0.963007,1,1.28,2,0,0,0,4.32,0,0,0,0,0,4,0,0
Map:map_startrail_highlands:f2_late_spell:f2_c5_spell_encounter:B01_SHIELD_F2_C5,Map,map_startrail_highlands,星轨高原,2,f2_late_spell,Normal,5,,,,f2_c5_spell_encounter,坠星爆发终检,4,B01_SHIELD,C5,100,76,3,21,0.76,0.865,0.667677,0.833087,1.34,2,0,0,0,1.26,0.04,1.6,0,0,0,0.99,0,0
Map:map_startrail_highlands:f2_late_spell:f2_c5_spell_encounter:B02_BREAK_F2_C5,Map,map_startrail_highlands,星轨高原,2,f2_late_spell,Normal,5,,,,f2_c5_spell_encounter,坠星爆发终检,4,B02_BREAK,C5,100,100,0,0,1,1,0.963007,1,1.01,1,0,0,0,2.83,0,1.3,0,0,0,1,0,0
Map:map_startrail_highlands:f2_late_spell:f2_c5_spell_encounter:B03_SUMMON_F2_C5,Map,map_startrail_highlands,星轨高原,2,f2_late_spell,Normal,5,,,,f2_c5_spell_encounter,坠星爆发终检,4,B03_SUMMON,C5,100,100,0,0,1,1,0.963007,1,1,1,0,0,0,3.35,0,0.85,0,0,0,1,0,0
Map:map_startrail_highlands:f2_late_spell:f2_c5_spell_encounter:B04_DEATH_F2_C5,Map,map_startrail_highlands,星轨高原,2,f2_late_spell,Normal,5,,,,f2_c5_spell_encounter,坠星爆发终检,4,B04_DEATH,C5,100,100,0,0,1,1,0.963007,1,1.14,2,0,0,0,2.54,0,2,0,0,0,1,0,0
Map:map_startrail_highlands:f2_late_spell:f2_c5_spell_encounter:B05_SPELL_F2_C5,Map,map_startrail_highlands,星轨高原,2,f2_late_spell,Normal,5,,,,f2_c5_spell_encounter,坠星爆发终检,4,B05_SPELL,C5,100,100,0,0,1,1,0.963007,1,1.07,1,0,0,0,3.33,0,1.3,0,0,0,1,0,0
Map:map_startrail_highlands:f2_late_spell:f2_c5_spell_encounter:B06_REFRESH_F2_C5,Map,map_startrail_highlands,星轨高原,2,f2_late_spell,Normal,5,,,,f2_c5_spell_encounter,坠星爆发终检,4,B06_REFRESH,C5,100,100,0,0,1,1,0.963007,1,1,1,0,0,0,3.38,0,1.3,0,0,0,1,0,0
Map:map_startrail_highlands:f2_boss:f2_c6_boss_encounter:B01_SHIELD_F2_C5,Map,map_startrail_highlands,星轨高原,2,f2_boss,Boss,6,,,,f2_c6_boss_encounter,星轨大司辰,5,B01_SHIELD,C5,100,5,83,12,0.05,0.11,0.021544,0.11175,1.26,2,0,0,0,0.08,1.81,1.6,0,0,0,2.98,0,0
Map:map_startrail_highlands:f2_boss:f2_c6_boss_encounter:B02_BREAK_F2_C5,Map,map_startrail_highlands,星轨高原,2,f2_boss,Boss,6,,,,f2_c6_boss_encounter,星轨大司辰,5,B02_BREAK,C5,100,22,61,17,0.22,0.305,0.150013,0.310704,1.45,2,0,0,0,0.34,1.06,1.3,0,0,0,3,0,0
Map:map_startrail_highlands:f2_boss:f2_c6_boss_encounter:B03_SUMMON_F2_C5,Map,map_startrail_highlands,星轨高原,2,f2_boss,Boss,6,,,,f2_c6_boss_encounter,星轨大司辰,5,B03_SUMMON,C5,100,55,35,10,0.55,0.6,0.452446,0.643855,1.02,1,0,0,0,0.86,0.53,0.77,0,0,0,3,0,0
Map:map_startrail_highlands:f2_boss:f2_c6_boss_encounter:B04_DEATH_F2_C5,Map,map_startrail_highlands,星轨高原,2,f2_boss,Boss,6,,,,f2_c6_boss_encounter,星轨大司辰,5,B04_DEATH,C5,100,5,74,21,0.05,0.155,0.021544,0.11175,1.43,2,0,0,0,0.05,1.29,2,0,0,0,3,0,0
Map:map_startrail_highlands:f2_boss:f2_c6_boss_encounter:B05_SPELL_F2_C5,Map,map_startrail_highlands,星轨高原,2,f2_boss,Boss,6,,,,f2_c6_boss_encounter,星轨大司辰,5,B05_SPELL,C5,100,60,17,23,0.6,0.715,0.502003,0.690599,1.62,2,0,0,0,0.84,0.19,1.3,0,0,0,3,0,0
Map:map_startrail_highlands:f2_boss:f2_c6_boss_encounter:B06_REFRESH_F2_C5,Map,map_startrail_highlands,星轨高原,2,f2_boss,Boss,6,,,,f2_c6_boss_encounter,星轨大司辰,5,B06_REFRESH,C5,100,53,11,36,0.53,0.71,0.432889,0.624892,1.58,2,0,0,0,0.75,0.11,1.3,0,0,0,3,0,0
Map:map_soulforge_city:f3_opening_normal:f3_opening_encounter:B01_SHIELD_F3_C2,Map,map_soulforge_city,铸魂熔城,3,f3_opening_normal,Normal,1,,,,f3_opening_encounter,熔城门卫,3,B01_SHIELD,C2,100,93,2,5,0.93,0.955,0.862505,0.965681,2.06,2,0,0,0,1.77,0.02,0,0,0,0.44,2.43,0,0
Map:map_soulforge_city:f3_opening_normal:f3_opening_encounter:B02_BREAK_F3_C2,Map,map_soulforge_city,铸魂熔城,3,f3_opening_normal,Normal,1,,,,f3_opening_encounter,熔城门卫,3,B02_BREAK,C2,100,100,0,0,1,1,0.963007,1,1.48,2,0,0,0,2.15,0,0,0,0,0.02,2.02,0,0
Map:map_soulforge_city:f3_opening_normal:f3_opening_encounter:B03_SUMMON_F3_C2,Map,map_soulforge_city,铸魂熔城,3,f3_opening_normal,Normal,1,,,,f3_opening_encounter,熔城门卫,3,B03_SUMMON,C2,100,58,10,32,0.58,0.74,0.482065,0.672016,1.1,1,0,0,0,1.07,0.1,0,0,0,0.72,2.72,0,0
Map:map_soulforge_city:f3_opening_normal:f3_opening_encounter:B04_DEATH_F3_C2,Map,map_soulforge_city,铸魂熔城,3,f3_opening_normal,Normal,1,,,,f3_opening_encounter,熔城门卫,3,B04_DEATH,C2,100,100,0,0,1,1,0.963007,1,2,2,0,0,0,1.55,0,0,0,0,1,3,0,0
Map:map_soulforge_city:f3_opening_normal:f3_opening_encounter:B05_SPELL_F3_C2,Map,map_soulforge_city,铸魂熔城,3,f3_opening_normal,Normal,1,,,,f3_opening_encounter,熔城门卫,3,B05_SPELL,C2,100,96,0,4,0.96,0.98,0.901629,0.984337,1.4,2,0,0,0,1.92,0,0,0,0,0.4,2.4,0,0
Map:map_soulforge_city:f3_opening_normal:f3_opening_encounter:B06_REFRESH_F3_C2,Map,map_soulforge_city,铸魂熔城,3,f3_opening_normal,Normal,1,,,,f3_opening_encounter,熔城门卫,3,B06_REFRESH,C2,100,100,0,0,1,1,0.963007,1,1.03,1,0,0,0,2.98,0,0,0,0,0,2,0,0
Map:map_soulforge_city:f3_early_summon:f3_early_summon_encounter:B01_SHIELD_F3_C2,Map,map_soulforge_city,铸魂熔城,3,f3_early_summon,Normal,2,,,,f3_early_summon_encounter,熔甲反击阵,4,B01_SHIELD,C2,100,82,7,11,0.82,0.875,0.733326,0.882998,2.12,3,0,0,0,1.33,0.07,0,0,0,0.49,3.49,0,0
Map:map_soulforge_city:f3_early_summon:f3_early_summon_encounter:B02_BREAK_F3_C2,Map,map_soulforge_city,铸魂熔城,3,f3_early_summon,Normal,2,,,,f3_early_summon_encounter,熔甲反击阵,4,B02_BREAK,C2,100,95,0,5,0.95,0.975,0.88825,0.978456,1.81,2,0,0,0,1.58,0,0,0,0,0,3,0,0
Map:map_soulforge_city:f3_early_summon:f3_early_summon_encounter:B03_SUMMON_F3_C2,Map,map_soulforge_city,铸魂熔城,3,f3_early_summon,Normal,2,,,,f3_early_summon_encounter,熔甲反击阵,4,B03_SUMMON,C2,100,47,14,39,0.47,0.665,0.375108,0.567111,1.23,2,0,0,0,0.62,0.16,0,0,0,0.64,3.64,0,0
Map:map_soulforge_city:f3_early_summon:f3_early_summon_encounter:B04_DEATH_F3_C2,Map,map_soulforge_city,铸魂熔城,3,f3_early_summon,Normal,2,,,,f3_early_summon_encounter,熔甲反击阵,4,B04_DEATH,C2,100,98,0,2,0.98,0.99,0.929988,0.994498,2.01,2,0,0,0,1.26,0,0,0,0,1.01,4.01,0,0
Map:map_soulforge_city:f3_early_summon:f3_early_summon_encounter:B05_SPELL_F3_C2,Map,map_soulforge_city,铸魂熔城,3,f3_early_summon,Normal,2,,,,f3_early_summon_encounter,熔甲反击阵,4,B05_SPELL,C2,100,99,1,0,0.99,0.99,0.945514,0.998233,1.41,2,0,0,0,1.95,0.01,0,0,0,0.18,3.18,0,0
Map:map_soulforge_city:f3_early_summon:f3_early_summon_encounter:B06_REFRESH_F3_C2,Map,map_soulforge_city,铸魂熔城,3,f3_early_summon,Normal,2,,,,f3_early_summon_encounter,熔甲反击阵,4,B06_REFRESH,C2,100,100,0,0,1,1,0.963007,1,1.21,2,0,0,0,2.47,0,0,0,0,0,3,0,0
Map:map_soulforge_city:f3_normal:f3_normal_encounter:B01_SHIELD_F3_C2,Map,map_soulforge_city,铸魂熔城,3,f3_normal,Normal,2,,,,f3_normal_encounter,千环炉墙,4,B01_SHIELD,C2,100,50,30,20,0.5,0.6,0.403832,0.596168,1.96,2,0,0,0,0.74,0.39,0,0,0,3.95,3.94,1.63,0
Map:map_soulforge_city:f3_normal:f3_normal_encounter:B02_BREAK_F3_C2,Map,map_soulforge_city,铸魂熔城,3,f3_normal,Normal,2,,,,f3_normal_encounter,千环炉墙,4,B02_BREAK,C2,100,54,26,20,0.54,0.64,0.442649,0.634392,1.76,2,0,0,0,0.9,0.32,0,0,0,4,3.98,1.58,0
Map:map_soulforge_city:f3_normal:f3_normal_encounter:B03_SUMMON_F3_C2,Map,map_soulforge_city,铸魂熔城,3,f3_normal,Normal,2,,,,f3_normal_encounter,千环炉墙,4,B03_SUMMON,C2,100,49,16,35,0.49,0.665,0.39422,0.58652,1.07,1,0,0,0,0.55,0.19,0,0,0,3.6,3.58,1.24,0
Map:map_soulforge_city:f3_normal:f3_normal_encounter:B04_DEATH_F3_C2,Map,map_soulforge_city,铸魂熔城,3,f3_normal,Normal,2,,,,f3_normal_encounter,千环炉墙,4,B04_DEATH,C2,100,59,16,25,0.59,0.715,0.492014,0.681327,1.76,2,0,0,0,0.72,0.16,0,0,0,4.01,4.01,1.67,0
Map:map_soulforge_city:f3_normal:f3_normal_encounter:B05_SPELL_F3_C2,Map,map_soulforge_city,铸魂熔城,3,f3_normal,Normal,2,,,,f3_normal_encounter,千环炉墙,4,B05_SPELL,C2,100,49,30,21,0.49,0.595,0.39422,0.58652,1.78,2,0,0,0,0.71,0.4,0,0,0,3.75,3.71,1.52,0
Map:map_soulforge_city:f3_normal:f3_normal_encounter:B06_REFRESH_F3_C2,Map,map_soulforge_city,铸魂熔城,3,f3_normal,Normal,2,,,,f3_normal_encounter,千环炉墙,4,B06_REFRESH,C2,100,81,6,13,0.81,0.875,0.722212,0.874852,1.52,2,0,0,0,1.5,0.06,0,0,0,3.63,3.63,1.32,0
Map:map_soulforge_city:f3_mid_mechanic:f3_mid_mechanic_encounter:B01_SHIELD_F3_C4,Map,map_soulforge_city,铸魂熔城,3,f3_mid_mechanic,Normal,3,,,,f3_mid_mechanic_encounter,不熄接力炉,4,B01_SHIELD,C4,100,27,54,19,0.27,0.365,0.192696,0.364321,2.4,3,0,0,0,0.32,0.71,0,0,0,4.35,6.13,1.87,0
Map:map_soulforge_city:f3_mid_mechanic:f3_mid_mechanic_encounter:B02_BREAK_F3_C4,Map,map_soulforge_city,铸魂熔城,3,f3_mid_mechanic,Normal,3,,,,f3_mid_mechanic_encounter,不熄接力炉,4,B02_BREAK,C4,100,36,49,15,0.36,0.435,0.272712,0.457646,2.12,3,0,0,0,0.53,0.57,0,0,0,4.01,5.9,1.93,0
Map:map_soulforge_city:f3_mid_mechanic:f3_mid_mechanic_encounter:B03_SUMMON_F3_C4,Map,map_soulforge_city,铸魂熔城,3,f3_mid_mechanic,Normal,3,,,,f3_mid_mechanic_encounter,不熄接力炉,4,B03_SUMMON,C4,100,6,67,27,0.06,0.195,0.027786,0.124768,1.12,2,0,0,0,0.06,0.79,0,0,0,3.57,5.49,1.58,0
Map:map_soulforge_city:f3_mid_mechanic:f3_mid_mechanic_encounter:B04_DEATH_F3_C4,Map,map_soulforge_city,铸魂熔城,3,f3_mid_mechanic,Normal,3,,,,f3_mid_mechanic_encounter,不熄接力炉,4,B04_DEATH,C4,100,18,44,38,0.18,0.37,0.117002,0.266674,2,2,0,0,0,0.19,0.54,0,0,0,4.35,6.17,1.95,0
Map:map_soulforge_city:f3_mid_mechanic:f3_mid_mechanic_encounter:B05_SPELL_F3_C4,Map,map_soulforge_city,铸魂熔城,3,f3_mid_mechanic,Normal,3,,,,f3_mid_mechanic_encounter,不熄接力炉,4,B05_SPELL,C4,100,11,74,15,0.11,0.185,0.062542,0.186313,2.09,2,0,0,0,0.13,0.92,0,0,0,4.26,5.91,1.83,0
Map:map_soulforge_city:f3_mid_mechanic:f3_mid_mechanic_encounter:B06_REFRESH_F3_C4,Map,map_soulforge_city,铸魂熔城,3,f3_mid_mechanic,Normal,3,,,,f3_mid_mechanic_encounter,不熄接力炉,4,B06_REFRESH,C4,100,22,50,28,0.22,0.36,0.150013,0.310704,1.98,2,0,0,0,0.24,0.59,0,0,0,3.68,5.39,1.68,0
Map:map_soulforge_city:f3_route_normal:f3_route_normal_encounter:B01_SHIELD_F3_C4,Map,map_soulforge_city,铸魂熔城,3,f3_route_normal,Normal,4,Adventure,,,f3_route_normal_encounter,熔核接力军,4,B01_SHIELD,C4,100,18,62,20,0.18,0.28,0.117002,0.266674,2.39,3,0,0,0,0.21,0.8,0,0,0,4.33,6.07,1.87,0
Map:map_soulforge_city:f3_route_normal:f3_route_normal_encounter:B02_BREAK_F3_C4,Map,map_soulforge_city,铸魂熔城,3,f3_route_normal,Normal,4,Adventure,,,f3_route_normal_encounter,熔核接力军,4,B02_BREAK,C4,100,23,53,24,0.23,0.35,0.158433,0.321544,2.19,3,0,0,0,0.27,0.6,0,0,0,3.97,5.83,1.93,0
Map:map_soulforge_city:f3_route_normal:f3_route_normal_encounter:B03_SUMMON_F3_C4,Map,map_soulforge_city,铸魂熔城,3,f3_route_normal,Normal,4,Adventure,,,f3_route_normal_encounter,熔核接力军,4,B03_SUMMON,C4,100,8,67,25,0.08,0.205,0.041093,0.149981,1.11,2,0,0,0,0.13,0.89,0,0,0,3.57,5.43,1.68,0
Map:map_soulforge_city:f3_route_normal:f3_route_normal_encounter:B04_DEATH_F3_C4,Map,map_soulforge_city,铸魂熔城,3,f3_route_normal,Normal,4,Adventure,,,f3_route_normal_encounter,熔核接力军,4,B04_DEATH,C4,100,16,46,38,0.16,0.35,0.100953,0.244203,2.01,2,0,0,0,0.17,0.6,0,0,0,4.32,6.14,1.95,0
Map:map_soulforge_city:f3_route_normal:f3_route_normal_encounter:B05_SPELL_F3_C4,Map,map_soulforge_city,铸魂熔城,3,f3_route_normal,Normal,4,Adventure,,,f3_route_normal_encounter,熔核接力军,4,B05_SPELL,C4,100,3,89,8,0.03,0.07,0.010255,0.084519,2.03,2,0,0,0,0.03,1.23,0,0,0,4.31,5.73,1.83,0
Map:map_soulforge_city:f3_route_normal:f3_route_normal_encounter:B06_REFRESH_F3_C4,Map,map_soulforge_city,铸魂熔城,3,f3_route_normal,Normal,4,Adventure,,,f3_route_normal_encounter,熔核接力军,4,B06_REFRESH,C4,100,3,78,19,0.03,0.125,0.010255,0.084519,1.95,2,0,0,0,0.03,0.94,0,0,0,3.58,5.27,1.68,0
Map:map_soulforge_city:f3_elite:f3_c4_elite_encounter:B01_SHIELD_F3_C4,Map,map_soulforge_city,铸魂熔城,3,f3_elite,Elite,4,Aggressive,,,f3_c4_elite_encounter,千环裁决团,5,B01_SHIELD,C4,100,16,73,11,0.16,0.215,0.100953,0.244203,2.25,3,0,0,0,0.16,1.26,0,0,0,3.1,5.81,1.51,0
Map:map_soulforge_city:f3_elite:f3_c4_elite_encounter:B02_BREAK_F3_C4,Map,map_soulforge_city,铸魂熔城,3,f3_elite,Elite,4,Aggressive,,,f3_c4_elite_encounter,千环裁决团,5,B02_BREAK,C4,100,10,80,10,0.1,0.15,0.055229,0.174366,2.18,3,0,0,0,0.11,1.37,0,0,0,3.24,5.82,1.5,0
Map:map_soulforge_city:f3_elite:f3_c4_elite_encounter:B03_SUMMON_F3_C4,Map,map_soulforge_city,铸魂熔城,3,f3_elite,Elite,4,Aggressive,,,f3_c4_elite_encounter,千环裁决团,5,B03_SUMMON,C4,100,0,98,2,0,0.01,0,0.036993,1.11,2,0,0,0,0,1.84,0,0,0,3.39,6.07,1.28,0
Map:map_soulforge_city:f3_elite:f3_c4_elite_encounter:B04_DEATH_F3_C4,Map,map_soulforge_city,铸魂熔城,3,f3_elite,Elite,4,Aggressive,,,f3_c4_elite_encounter,千环裁决团,5,B04_DEATH,C4,100,0,96,4,0,0.02,0,0.036993,1.98,2,0,0,0,0,1.6,0,0,0,3.63,6.25,1.89,0
Map:map_soulforge_city:f3_elite:f3_c4_elite_encounter:B05_SPELL_F3_C4,Map,map_soulforge_city,铸魂熔城,3,f3_elite,Elite,4,Aggressive,,,f3_c4_elite_encounter,千环裁决团,5,B05_SPELL,C4,100,0,99,1,0,0.005,0,0.036993,1.99,2,0,0,0,0,1.83,0,0,0,3.45,5.73,1.61,0
Map:map_soulforge_city:f3_elite:f3_c4_elite_encounter:B06_REFRESH_F3_C4,Map,map_soulforge_city,铸魂熔城,3,f3_elite,Elite,4,Aggressive,,,f3_c4_elite_encounter,千环裁决团,5,B06_REFRESH,C4,100,0,100,0,0,0,0,0.036993,1.75,2,0,0,0,0,2.01,0,0,0,2.75,5.22,1.5,0
Map:map_soulforge_city:f3_route_safe:f3_route_safe_encounter:B01_SHIELD_F3_C4,Map,map_soulforge_city,铸魂熔城,3,f3_route_safe,Normal,4,Conservative,,,f3_route_safe_encounter,千环守势军,3,B01_SHIELD,C4,100,25,48,27,0.25,0.385,0.175452,0.343045,2.39,3,0,0,0,0.3,0.57,0,0,0,4.28,6.13,1.85,0
Map:map_soulforge_city:f3_route_safe:f3_route_safe_encounter:B02_BREAK_F3_C4,Map,map_soulforge_city,铸魂熔城,3,f3_route_safe,Normal,4,Conservative,,,f3_route_safe_encounter,千环守势军,3,B02_BREAK,C4,100,32,42,26,0.32,0.45,0.236691,0.416626,2.17,3,0,0,0,0.44,0.48,0,0,0,3.88,5.77,1.92,0
Map:map_soulforge_city:f3_route_safe:f3_route_safe_encounter:B03_SUMMON_F3_C4,Map,map_soulforge_city,铸魂熔城,3,f3_route_safe,Normal,4,Conservative,,,f3_route_safe_encounter,千环守势军,3,B03_SUMMON,C4,100,13,56,31,0.13,0.285,0.077572,0.209804,1.23,2,0,0,0,0.2,0.62,0,0,0,3.76,5.69,1.75,0
Map:map_soulforge_city:f3_route_safe:f3_route_safe_encounter:B04_DEATH_F3_C4,Map,map_soulforge_city,铸魂熔城,3,f3_route_safe,Normal,4,Conservative,,,f3_route_safe_encounter,千环守势军,3,B04_DEATH,C4,100,40,28,32,0.4,0.56,0.309401,0.497997,2.05,2,0,0,0,0.44,0.29,0,0,0,4.22,6.21,1.92,0
Map:map_soulforge_city:f3_route_safe:f3_route_safe_encounter:B05_SPELL_F3_C4,Map,map_soulforge_city,铸魂熔城,3,f3_route_safe,Normal,4,Conservative,,,f3_route_safe_encounter,千环守势军,3,B05_SPELL,C4,100,17,55,28,0.17,0.31,0.108936,0.25548,2.04,2,0,0,0,0.19,0.6,0,0,0,3.88,5.66,1.76,0
Map:map_soulforge_city:f3_route_safe:f3_route_safe_encounter:B06_REFRESH_F3_C4,Map,map_soulforge_city,铸魂熔城,3,f3_route_safe,Normal,4,Conservative,,,f3_route_safe_encounter,千环守势军,3,B06_REFRESH,C4,100,26,27,47,0.26,0.495,0.184047,0.35371,2,2,0,0,0,0.28,0.29,0,0,0,3.53,5.44,1.79,0
Event:map_soulforge_city:final_hunt_f3:f3_c4_event_ambush_encounter:B01_SHIELD_F3_C4,Event,map_soulforge_city,铸魂熔城,3,final_hunt_f3,EventCombat,4,Event,final_hunt_f3,终阶猎杀,f3_c4_event_ambush_encounter,熔巷伏炉军,5,B01_SHIELD,C4,100,14,67,19,0.14,0.235,0.085263,0.221372,2.36,3,0,0,0,0.16,0.84,0,0,0,4.34,6.05,1.87,0
Event:map_soulforge_city:final_hunt_f3:f3_c4_event_ambush_encounter:B02_BREAK_F3_C4,Event,map_soulforge_city,铸魂熔城,3,final_hunt_f3,EventCombat,4,Event,final_hunt_f3,终阶猎杀,f3_c4_event_ambush_encounter,熔巷伏炉军,5,B02_BREAK,C4,100,15,61,24,0.15,0.27,0.09306,0.232836,2.23,3,0,0,0,0.18,0.8,0,0,0,4.1,5.92,1.93,0
Event:map_soulforge_city:final_hunt_f3:f3_c4_event_ambush_encounter:B03_SUMMON_F3_C4,Event,map_soulforge_city,铸魂熔城,3,final_hunt_f3,EventCombat,4,Event,final_hunt_f3,终阶猎杀,f3_c4_event_ambush_encounter,熔巷伏炉军,5,B03_SUMMON,C4,100,0,88,12,0,0.06,0,0.036993,1.02,1,0,0,0,0,1.24,0,0,0,3.57,5.41,1.58,0
Event:map_soulforge_city:final_hunt_f3:f3_c4_event_ambush_encounter:B04_DEATH_F3_C4,Event,map_soulforge_city,铸魂熔城,3,final_hunt_f3,EventCombat,4,Event,final_hunt_f3,终阶猎杀,f3_c4_event_ambush_encounter,熔巷伏炉军,5,B04_DEATH,C4,100,12,54,34,0.12,0.29,0.069994,0.198121,2,2,0,0,0,0.13,0.69,0,0,0,4.32,6.1,1.95,0
Event:map_soulforge_city:final_hunt_f3:f3_c4_event_ambush_encounter:B05_SPELL_F3_C4,Event,map_soulforge_city,铸魂熔城,3,final_hunt_f3,EventCombat,4,Event,final_hunt_f3,终阶猎杀,f3_c4_event_ambush_encounter,熔巷伏炉军,5,B05_SPELL,C4,100,2,93,5,0.02,0.045,0.005502,0.070012,2.01,2,0,0,0,0.02,1.33,0,0,0,4.36,5.7,1.83,0
Event:map_soulforge_city:final_hunt_f3:f3_c4_event_ambush_encounter:B06_REFRESH_F3_C4,Event,map_soulforge_city,铸魂熔城,3,final_hunt_f3,EventCombat,4,Event,final_hunt_f3,终阶猎杀,f3_c4_event_ambush_encounter,熔巷伏炉军,5,B06_REFRESH,C4,100,2,85,13,0.02,0.085,0.005502,0.070012,1.95,2,0,0,0,0.02,1.12,0,0,0,3.63,5.23,1.68,0
Map:map_soulforge_city:f3_late_forge:f3_c5_forge_encounter:B01_SHIELD_F3_C5,Map,map_soulforge_city,铸魂熔城,3,f3_late_forge,Normal,5,,,,f3_c5_forge_encounter,千环炉墙终检,5,B01_SHIELD,C5,100,0,95,5,0,0.025,0,0.036993,2.08,2,0,0,0,0,1.74,0,0,0,1.96,3.28,0,0
Map:map_soulforge_city:f3_late_forge:f3_c5_forge_encounter:B02_BREAK_F3_C5,Map,map_soulforge_city,铸魂熔城,3,f3_late_forge,Normal,5,,,,f3_c5_forge_encounter,千环炉墙终检,5,B02_BREAK,C5,100,4,81,15,0.04,0.115,0.015663,0.098371,2.12,3,0,0,0,0.05,1.07,0,0,0,1.98,3.61,0,0
Map:map_soulforge_city:f3_late_forge:f3_c5_forge_encounter:B03_SUMMON_F3_C5,Map,map_soulforge_city,铸魂熔城,3,f3_late_forge,Normal,5,,,,f3_c5_forge_encounter,千环炉墙终检,5,B03_SUMMON,C5,100,0,92,8,0,0.04,0,0.036993,1,1,0,0,0,0,1.19,0,0,0,1.44,3.23,0,0
Map:map_soulforge_city:f3_late_forge:f3_c5_forge_encounter:B04_DEATH_F3_C5,Map,map_soulforge_city,铸魂熔城,3,f3_late_forge,Normal,5,,,,f3_c5_forge_encounter,千环炉墙终检,5,B04_DEATH,C5,100,12,40,48,0.12,0.36,0.069994,0.198121,1.98,2,0,0,0,0.12,0.48,0,0,0,1.42,3.29,0,0
Map:map_soulforge_city:f3_late_forge:f3_c5_forge_encounter:B05_SPELL_F3_C5,Map,map_soulforge_city,铸魂熔城,3,f3_late_forge,Normal,5,,,,f3_c5_forge_encounter,千环炉墙终检,5,B05_SPELL,C5,100,1,92,7,0.01,0.045,0.001767,0.054486,1.96,2,0,0,0,0.01,1.37,0,0,0,1.82,3.46,0,0
Map:map_soulforge_city:f3_late_forge:f3_c5_forge_encounter:B06_REFRESH_F3_C5,Map,map_soulforge_city,铸魂熔城,3,f3_late_forge,Normal,5,,,,f3_c5_forge_encounter,千环炉墙终检,5,B06_REFRESH,C5,100,0,77,23,0,0.115,0,0.036993,2,2,0,0,0,0,0.87,0,0,0,2.07,3.84,0,0
Map:map_soulforge_city:f3_late_wild:f3_c5_wild_encounter:B01_SHIELD_F3_C5,Map,map_soulforge_city,铸魂熔城,3,f3_late_wild,Normal,5,,,,f3_c5_wild_encounter,裂炉誓刃终检,5,B01_SHIELD,C5,100,10,70,20,0.1,0.2,0.055229,0.174366,2.46,3,0,0,0,0.1,1.16,0,0,0,4.32,6.93,2,0
Map:map_soulforge_city:f3_late_wild:f3_c5_wild_encounter:B02_BREAK_F3_C5,Map,map_soulforge_city,铸魂熔城,3,f3_late_wild,Normal,5,,,,f3_c5_wild_encounter,裂炉誓刃终检,5,B02_BREAK,C5,100,13,74,13,0.13,0.195,0.077572,0.209804,2.34,3,0,0,0,0.14,1.12,0,0,0,4.33,7,2,0
Map:map_soulforge_city:f3_late_wild:f3_c5_wild_encounter:B03_SUMMON_F3_C5,Map,map_soulforge_city,铸魂熔城,3,f3_late_wild,Normal,5,,,,f3_c5_wild_encounter,裂炉誓刃终检,5,B03_SUMMON,C5,100,35,50,15,0.35,0.425,0.263642,0.447456,1.34,2,0,0,0,0.49,0.72,0,0,0,3.28,6.19,1.65,0
Map:map_soulforge_city:f3_late_wild:f3_c5_wild_encounter:B04_DEATH_F3_C5,Map,map_soulforge_city,铸魂熔城,3,f3_late_wild,Normal,5,,,,f3_c5_wild_encounter,裂炉誓刃终检,5,B04_DEATH,C5,100,14,58,28,0.14,0.28,0.085263,0.221372,2.14,3,0,0,0,0.14,0.73,0,0,0,4.65,7.52,2,0
Map:map_soulforge_city:f3_late_wild:f3_c5_wild_encounter:B05_SPELL_F3_C5,Map,map_soulforge_city,铸魂熔城,3,f3_late_wild,Normal,5,,,,f3_c5_wild_encounter,裂炉誓刃终检,5,B05_SPELL,C5,100,29,53,18,0.29,0.38,0.210148,0.385389,2.03,2,0,0,0,0.38,0.78,0,0,0,4.09,6.85,2,0
Map:map_soulforge_city:f3_late_wild:f3_c5_wild_encounter:B06_REFRESH_F3_C5,Map,map_soulforge_city,铸魂熔城,3,f3_late_wild,Normal,5,,,,f3_c5_wild_encounter,裂炉誓刃终检,5,B06_REFRESH,C5,100,27,37,36,0.27,0.45,0.192696,0.364321,2.13,3,0,0,0,0.27,0.4,0,0,0,3.86,6.81,2,0
Map:map_soulforge_city:f3_boss:f3_c6_boss_encounter:B01_SHIELD_F3_C5,Map,map_soulforge_city,铸魂熔城,3,f3_boss,Boss,6,,,,f3_c6_boss_encounter,铸魂不灭王,5,B01_SHIELD,C5,100,7,77,16,0.07,0.15,0.034319,0.137495,2.31,3,0,0,0,0.08,1.01,0,0,0,4.5,6.07,1.88,0
Map:map_soulforge_city:f3_boss:f3_c6_boss_encounter:B02_BREAK_F3_C5,Map,map_soulforge_city,铸魂熔城,3,f3_boss,Boss,6,,,,f3_c6_boss_encounter,铸魂不灭王,5,B02_BREAK,C5,100,14,71,15,0.14,0.215,0.085263,0.221372,2.51,3,0,0,0,0.17,0.89,0,0,0,4.36,6.22,1.94,0
Map:map_soulforge_city:f3_boss:f3_c6_boss_encounter:B03_SUMMON_F3_C5,Map,map_soulforge_city,铸魂熔城,3,f3_boss,Boss,6,,,,f3_c6_boss_encounter,铸魂不灭王,5,B03_SUMMON,C5,100,0,83,17,0,0.085,0,0.036993,1.08,1,0,0,0,0,1.11,0,0,0,3.68,5.55,1.64,0
Map:map_soulforge_city:f3_boss:f3_c6_boss_encounter:B04_DEATH_F3_C5,Map,map_soulforge_city,铸魂熔城,3,f3_boss,Boss,6,,,,f3_c6_boss_encounter,铸魂不灭王,5,B04_DEATH,C5,100,13,56,31,0.13,0.285,0.077572,0.209804,2.04,2,0,0,0,0.14,0.68,0,0,0,4.39,6.15,1.94,0
Map:map_soulforge_city:f3_boss:f3_c6_boss_encounter:B05_SPELL_F3_C5,Map,map_soulforge_city,铸魂熔城,3,f3_boss,Boss,6,,,,f3_c6_boss_encounter,铸魂不灭王,5,B05_SPELL,C5,100,17,70,13,0.17,0.235,0.108936,0.25548,2.07,2,0,0,0,0.24,0.85,0,0,0,4.31,6.07,1.84,0
Map:map_soulforge_city:f3_boss:f3_c6_boss_encounter:B06_REFRESH_F3_C5,Map,map_soulforge_city,铸魂熔城,3,f3_boss,Boss,6,,,,f3_c6_boss_encounter,铸魂不灭王,5,B06_REFRESH,C5,100,29,45,26,0.29,0.42,0.210148,0.385389,2.02,2,0,0,0,0.32,0.51,0,0,0,3.6,5.45,1.73,0
